Survey,Season,Year,Tow_Number,Region,Stratum,Grid,Date,Common_Name,Number_Caught,Weight_kg,Subsample_Weight_kg,Subsample_Weight_kg_2,Male_Wt_kg,Female_Wt_kg,Expanded_Catch,Expanded_Weight_kg
FL00,Fall,2000,2,1,3,409,2000-10-30T00:00:00Z,Scallop Sea,1,0.01,0,,,,1,0.01
FL00,Fall,2000,3,1,1,472,2000-11-01T00:00:00Z,Scallop Sea,6,0.05,0,,,,6,0.05
FL00,Fall,2000,4,1,2,445,2000-11-01T00:00:00Z,Scallop Sea,4,0.05,0,,,,4,0.05
FL00,Fall,2000,6,1,1,417,2000-11-01T00:00:00Z,Scallop Sea,293,5.4,1.4,,,,293,5.4
FL00,Fall,2000,7,1,3,368,2000-11-02T00:00:00Z,Scallop Sea,4,0.05,0,,,,4,0.05
FL00,Fall,2000,14,1,3,100,2000-11-04T00:00:00Z,Scallop Sea,1,0.01,0,,,,1.1111111111111112,0.011111111111111112
FL00,Fall,2000,15,2,3,556,2000-11-04T00:00:00Z,Scallop Sea,10,0.25,0,,,,10,0.25
FL00,Fall,2000,19,2,3,463,2000-11-07T00:00:00Z,Scallop Sea,7,0.1,0,,,,7,0.1
FL00,Fall,2000,20,2,1,375,2000-11-07T00:00:00Z,Scallop Sea,76,0.9,0,,,,76,0.9
FL00,Fall,2000,24,2,3,533,2000-11-08T00:00:00Z,Scallop Sea,54,0.6,0,,,,54,0.6
FL00,Fall,2000,25,2,3,446,2000-11-08T00:00:00Z,Scallop Sea,34,0.7000000000000001,0,,,,37.77777777777778,0.7777777777777779
FL00,Fall,2000,29,2,3,284,2000-11-10T00:00:00Z,Scallop Sea,102,2.5,0,,,,145.7142857142857,3.571428571428571
FL00,Fall,2000,35,3,1,993,2000-11-14T00:00:00Z,Scallop Sea,2,0.25,0,,,,2,0.25
FL00,Fall,2000,37,3,2,93,2000-11-14T00:00:00Z,Scallop Sea,4,0.15,0,,,,4,0.15
FL00,Fall,2000,40,3,3,328,2000-11-16T00:00:00Z,Scallop Sea,1,0.2,0,,,,1.25,0.25
FL00,Fall,2000,41,3,3,359,2000-11-16T00:00:00Z,Scallop Sea,24,1.8,0,,,,28.235294117647058,2.1176470588235294
FL00,Fall,2000,42,3,3,384,2000-11-16T00:00:00Z,Scallop Sea,1,0.05,0,,,,0.7999999999999999,0.04
FL00,Fall,2000,44,3,3,364,2000-11-20T00:00:00Z,Scallop Sea,311,22,7.7,,,,388.75,27.5
FL00,Fall,2000,46,4,3,492,2000-11-21T00:00:00Z,Scallop Sea,13,0.6,0,,,,13,0.6
FL00,Fall,2000,47,4,3,589,2000-11-21T00:00:00Z,Scallop Sea,375,22.5,7.5,,,,375,22.5
FL00,Fall,2000,48,4,3,456,2000-11-21T00:00:00Z,Scallop Sea,363,6.7,1.9,,,,382.10526315789474,7.052631578947368
FL00,Fall,2000,49,4,2,286,2000-11-22T00:00:00Z,Scallop Sea,3,0.05,0,,,,3,0.05
FL00,Fall,2000,52,4,3,322,2000-11-27T00:00:00Z,Scallop Sea,226,5.4,2.8,,,,226,5.4
FL00,Fall,2000,53,4,3,165,2000-11-27T00:00:00Z,Scallop Sea,19,0.8,0,,,,19,0.8
FL00,Fall,2000,54,4,2,77,2000-11-28T00:00:00Z,Scallop Sea,38,0.9,0,,,,38,0.9
FL00,Fall,2000,55,4,2,94,2000-11-28T00:00:00Z,Scallop Sea,12,0.9,0,,,,12,0.9
FL00,Fall,2000,59,4,3,273,2000-11-29T00:00:00Z,Scallop Sea,9,0.1,0,,,,9,0.1
FL00,Fall,2000,60,4,3,270,2000-11-29T00:00:00Z,Scallop Sea,130,4.4,0,,,,118.18181818181817,4
FL00,Fall,2000,61,4,2,99,2000-11-29T00:00:00Z,Scallop Sea,6,0.25,0,,,,6.315789473684211,0.2631578947368421
FL00,Fall,2000,62,5,2,615,2000-11-30T00:00:00Z,Scallop Icelandic Sea,1,0.02,0,,,,1.3333333333333333,0.026666666666666665
FL00,Fall,2000,62,5,2,615,2000-11-30T00:00:00Z,Scallop Sea,20,0.15,0,,,,26.666666666666664,0.19999999999999998
FL00,Fall,2000,63,5,2,511,2000-11-30T00:00:00Z,Scallop Sea,13,0.3,0,,,,11.818181818181818,0.2727272727272727
FL00,Fall,2000,64,5,1,428,2000-11-30T00:00:00Z,Scallop Sea,2,0.01,0,,,,2,0.01
FL00,Fall,2000,65,5,1,453,2000-11-30T00:00:00Z,Scallop Sea,2,0.01,0,,,,2,0.01
FL00,Fall,2000,66,5,3,588,2000-12-01T00:00:00Z,Scallop Sea,168,6.3,4.2,,,,168,6.3
FL00,Fall,2000,67,5,3,566,2000-12-01T00:00:00Z,Scallop Sea,126,13.8,0,,,,120.00000000000001,13.142857142857144
FL00,Fall,2000,69,5,1,264,2000-12-01T00:00:00Z,Scallop Sea,11,0.05,0,,,,11,0.05
FL00,Fall,2000,71,5,3,406,2000-12-02T00:00:00Z,Scallop Sea,24,0.8,0,,,,22.857142857142858,0.761904761904762
FL00,Fall,2000,72,5,2,275,2000-12-02T00:00:00Z,Scallop Sea,202,2.6,1.4,,,,183.63636363636363,2.3636363636363638
FL00,Fall,2000,73,5,1,173,2000-12-02T00:00:00Z,Scallop Sea,40,1.6,0,,,,34.78260869565217,1.391304347826087
FL00,Fall,2000,74,5,2,118,2000-12-03T00:00:00Z,Scallop Sea,1,0.01,0,,,,1,0.01
FL00,Fall,2000,77,5,3,38,2000-12-04T00:00:00Z,Scallop Sea,1,0.4,0,,,,1,0.4
FL00,Fall,2000,78,5,3,41,2000-12-04T00:00:00Z,Scallop Sea,2,0.1,0,,,,2,0.1
FL01,Fall,2001,2,1,2,513,2001-09-24T00:00:00Z,Scallop Sea,4,0.2,0,,,,4,0.2
FL01,Fall,2001,3,1,2,546,2001-09-24T00:00:00Z,Scallop Sea,1,0.04,0,,,,1,0.04
FL01,Fall,2001,4,1,1,543,2001-09-24T00:00:00Z,Scallop Sea,225,7.7,3.8,,,,225,7.7
FL01,Fall,2001,5,1,3,687,2001-09-25T00:00:00Z,Scallop Sea,8,0.2,0,,,,8,0.2
FL01,Fall,2001,12,1,3,123,2001-09-27T00:00:00Z,Scallop Sea,3,0.02,0,,,,3,0.02
FL01,Fall,2001,16,1,1,5,2001-09-28T00:00:00Z,Scallop Sea,2,1.4000000000000001,0,,,,2,1.4000000000000001
FL01,Fall,2001,17,1,2,35,2001-09-28T00:00:00Z,Scallop Sea,6,0.4,0,,,,8,0.5333333333333333
FL01,Fall,2001,21,2,3,484,2001-10-02T00:00:00Z,Scallop Sea,3,0.1,0,,,,2.857142857142857,0.09523809523809525
FL01,Fall,2001,22,2,3,461,2001-10-02T00:00:00Z,Scallop Sea,6,0.25,0,,,,5.714285714285714,0.2380952380952381
FL01,Fall,2001,25,2,2,266,2001-10-02T00:00:00Z,Scallop Sea,2,0.01,0,,,,2.3529411764705883,0.011764705882352941
FL01,Fall,2001,27,2,1,336,2001-10-03T00:00:00Z,Scallop Sea,4,0.02,0,,,,4,0.02
FL01,Fall,2001,29,2,1,264,2001-10-03T00:00:00Z,Scallop Sea,2,0.02,0,,,,2,0.02
FL01,Fall,2001,32,2,3,236,2001-10-04T00:00:00Z,Scallop Sea,69,5.6000000000000005,0,,,,69,5.6000000000000005
FL01,Fall,2001,33,2,3,199,2001-10-04T00:00:00Z,Scallop Sea,26,2.6,0,,,,23.636363636363637,2.3636363636363638
FL01,Fall,2001,34,2,3,240,2001-10-05T00:00:00Z,Scallop Sea,255,13.8,6,,,,242.85714285714286,13.142857142857144
FL01,Fall,2001,38,3,3,497,2001-10-08T00:00:00Z,Scallop Sea,12,1,0,,,,10.909090909090908,0.9090909090909091
FL01,Fall,2001,39,3,3,570,2001-10-08T00:00:00Z,Scallop Sea,143,9.5,0,,,,190.66666666666666,12.666666666666666
FL01,Fall,2001,43,3,3,501,2001-10-10T00:00:00Z,Scallop Sea,22,1.6,0,,,,22,1.6
FL01,Fall,2001,44,3,3,836,2001-10-10T00:00:00Z,Scallop Sea,138,4.9,0,,,,138,4.9
FL01,Fall,2001,45,3,3,564,2001-10-10T00:00:00Z,Scallop Sea,140,5.6000000000000005,0,,,,147.36842105263156,5.894736842105264
FL01,Fall,2001,51,3,3,338,2001-10-12T00:00:00Z,Scallop Sea,83,6,0,,,,83,6
FL01,Fall,2001,53,4,3,575,2001-10-15T00:00:00Z,Scallop Sea,86,4.8,0,,,,86,4.8
FL01,Fall,2001,62,4,2,55,2001-10-19T00:00:00Z,Scallop Sea,15,2,0,,,,15,2
FL01,Fall,2001,63,4,3,482,2001-10-19T00:00:00Z,Scallop Sea,124,7.25,0,,,,124,7.25
FL01,Fall,2001,64,4,3,479,2001-10-19T00:00:00Z,Scallop Sea,88,4.25,0,,,,76.52173913043477,3.695652173913043
FL01,Fall,2001,65,4,3,438,2001-10-20T00:00:00Z,Scallop Sea,79,3.25,0,,,,79,3.25
FL01,Fall,2001,66,4,3,613,2001-10-20T00:00:00Z,Scallop Sea,3,0.14,0,,,,3,0.14
FL01,Fall,2001,67,4,3,300,2001-10-20T00:00:00Z,Scallop Sea,33,0.87,0,,,,33,0.87
FL01,Fall,2001,68,4,3,268,2001-10-20T00:00:00Z,Scallop Sea,723,16,2.9,,,,688.5714285714287,15.238095238095239
FL01,Fall,2001,70,5,3,606,2001-10-22T00:00:00Z,Scallop Sea,125,4.4,0,,,,119.04761904761905,4.190476190476191
FL01,Fall,2001,71,5,3,681,2001-10-23T00:00:00Z,Scallop Sea,30,0.78,0,,,,30,0.78
FL01,Fall,2001,73,5,3,540,2001-10-23T00:00:00Z,Scallop Sea,122,9.9,0,,,,122,9.9
FL02,Fall,2002,3,1,2,445,2002-10-14T00:00:00Z,Scallop Sea,1,0.02,0,,,,1.5384615384615383,0.030769230769230767
FL02,Fall,2002,4,1,1,432,2002-10-14T00:00:00Z,Scallop Sea,7,0.12,0,,,,7,0.12
FL02,Fall,2002,20,2,3,511,2002-10-22T00:00:00Z,Scallop Sea,14,0.4,0,,,,14,0.4
FL02,Fall,2002,24,2,3,533,2002-10-23T00:00:00Z,Scallop Sea,25,0.6,0,,,,25,0.6
FL02,Fall,2002,25,2,3,441,2002-10-23T00:00:00Z,Scallop Sea,12,0.4,0,,,,12.631578947368421,0.42105263157894735
FL02,Fall,2002,27,2,2,377,2002-10-23T00:00:00Z,Scallop Sea,6,0.06,0,,,,6,0.06
FL02,Fall,2002,29,2,3,199,2002-10-24T00:00:00Z,Scallop Sea,7,0.3,0,,,,7,0.3
FL02,Fall,2002,30,2,3,139,2002-10-25T00:00:00Z,Scallop Sea,21,1.09,0,,,,21,1.09
FL02,Fall,2002,33,3,3,592,2002-10-28T00:00:00Z,Scallop Sea,59,5.16,0,,,,59,5.16
FL02,Fall,2002,38,3,2,81,2002-10-29T00:00:00Z,Scallop Sea,3,0.04,0,,,,3,0.04
FL02,Fall,2002,44,3,3,994,2002-10-31T00:00:00Z,Scallop Sea,1,0.02,0,,,,1.5384615384615383,0.030769230769230767
FL02,Fall,2002,45,3,3,563,2002-10-31T00:00:00Z,Scallop Sea,41,2.36,0,,,,41,2.36
FL02,Fall,2002,46,3,3,539,2002-10-31T00:00:00Z,Scallop Sea,26,1.16,0,,,,34.666666666666664,1.5466666666666664
FL02,Fall,2002,47,3,3,416,2002-11-01T00:00:00Z,Scallop Sea,30,1.08,0,,,,30,1.08
FL02,Fall,2002,50,4,3,570,2002-11-04T00:00:00Z,Scallop Sea,16,1.04,0,,,,16,1.04
FL02,Fall,2002,53,4,3,562,2002-11-05T00:00:00Z,Scallop Sea,41,2.1,0,,,,41,2.1
FL02,Fall,2002,54,4,3,476,2002-11-05T00:00:00Z,Scallop Sea,112,4.74,0,,,,112,4.74
FL02,Fall,2002,56,4,3,432,2002-11-05T00:00:00Z,Scallop Sea,59,2.5,0,,,,59,2.5
FL02,Fall,2002,65,5,2,514,2002-11-12T00:00:00Z,Scallop Sea,1,0.01,0,,,,1,0.01
FL02,Fall,2002,68,5,3,613,2002-11-14T00:00:00Z,Scallop Sea,7,0.24,0,,,,6.666666666666667,0.22857142857142856
FL02,Fall,2002,70,5,3,569,2002-11-14T00:00:00Z,Scallop Sea,1,0.02,0,,,,1,0.02
FL02,Fall,2002,73,5,1,173,2002-11-19T00:00:00Z,Scallop Sea,3,0.08,0,,,,3,0.08
FL02,Fall,2002,75,5,1,85,2002-11-19T00:00:00Z,Scallop Sea,2,0.42,0,,,,2,0.42
FL02,Fall,2002,76,5,2,196,2002-11-19T00:00:00Z,Scallop Sea,3,0.06,0,,,,3,0.06
FL02,Fall,2002,77,5,2,180,2002-11-19T00:00:00Z,Scallop Sea,1,0.02,0,,,,1.3333333333333333,0.026666666666666665
FL02,Fall,2002,79,5,3,62,2002-11-20T00:00:00Z,Scallop Sea,1,0.02,0,,,,1,0.02
FL03,Fall,2003,5,1,4,719,2003-10-13T00:00:00Z,Scallop Sea,4,0.02,0,,,,4,0.02
FL03,Fall,2003,11,1,4,601,2003-10-16T00:00:00Z,Scallop Sea,5,0.08,0,,,,5,0.08
FL03,Fall,2003,18,2,4,686,2003-10-20T00:00:00Z,Scallop Sea,3,0.32,0,,,,3.75,0.4
FL03,Fall,2003,22,2,4,661,2003-10-22T00:00:00Z,Scallop Sea,1,0.08,0,,,,1,0.08
FL03,Fall,2003,23,2,3,488,2003-10-22T00:00:00Z,Scallop Sea,3,0.05,0,,,,3.75,0.0625
FL03,Fall,2003,30,2,4,597,2003-10-24T00:00:00Z,Scallop Sea,115,5.4,0,,,,115,5.4
FL03,Fall,2003,38,3,4,844,2003-11-01T00:00:00Z,Scallop Sea,2,0.12,0,,,,2,0.12
FL03,Fall,2003,41,3,3,388,2003-11-02T00:00:00Z,Scallop Sea,4,0.32,0,,,,4,0.32
FL03,Fall,2003,43,3,3,337,2003-11-02T00:00:00Z,Scallop Sea,4,0.26,0,,,,4,0.26
FL03,Fall,2003,46,4,3,583,2003-11-03T00:00:00Z,Scallop Sea,17,1.2,0,,,,17,1.2
FL03,Fall,2003,47,4,3,570,2003-11-03T00:00:00Z,Scallop Sea,1,0.08,0,,,,1,0.08
FL03,Fall,2003,57,4,3,270,2003-11-06T00:00:00Z,Scallop Sea,5,0.24,0,,,,6.25,0.3
FL03,Fall,2003,60,4,2,67,2003-11-07T00:00:00Z,Scallop Sea,1,0.04,0,,,,1,0.04
FL03,Fall,2003,62,5,2,614,2003-11-10T00:00:00Z,Scallop Sea,4,0.22,0,,,,4.2105263157894735,0.23157894736842105
FL03,Fall,2003,76,5,1,72,2003-11-18T00:00:00Z,Scallop Sea,1,0.52,0,,,,1,0.52
FL04,Fall,2004,2,1,2,529,2004-10-11T00:00:00Z,Scallop Sea,2,0.08,0,,,,2,0.08
FL04,Fall,2004,22,2,4,710,2004-10-18T00:00:00Z,Scallop Sea,1,0.02,0,,,,1,0.02
FL04,Fall,2004,28,2,3,494,2004-10-20T00:00:00Z,Scallop Sea,1,0.1,0,,,,1,0.1
FL04,Fall,2004,30,2,2,341,2004-10-20T00:00:00Z,Scallop Sea,5,0.04,0,,,,5,0.04
FL04,Fall,2004,33,2,3,415,2004-10-21T00:00:00Z,Scallop Sea,3,0.22,0,,,,3,0.22
FL04,Fall,2004,58,4,3,590,2004-11-01T00:00:00Z,Scallop Sea,25,0.74,0,,,,25,0.74
FL04,Fall,2004,59,4,4,669,2004-11-02T00:00:00Z,Scallop Sea,1,0.02,0,,,,1,0.02
FL04,Fall,2004,61,4,3,460,2004-11-02T00:00:00Z,Scallop Sea,31,1.4000000000000001,0,,,,31,1.4000000000000001
FL04,Fall,2004,62,4,3,432,2004-11-02T00:00:00Z,Scallop Sea,4,0.43,0,,,,5.333333333333333,0.5733333333333333
FL04,Fall,2004,67,4,2,47,2004-11-07T00:00:00Z,Scallop Sea,2,0.9400000000000001,0,,,,2.3529411764705883,1.1058823529411765
FL04,Fall,2004,82,5,2,10,2004-11-18T00:00:00Z,Scallop Sea,16,0.09,0,,,,16,0.09
FL04,Fall,2004,84,5,3,88,2004-11-18T00:00:00Z,Scallop Sea,5,0.02,0,,,,5,0.02
FL04,Fall,2004,87,5,3,225,2004-11-19T00:00:00Z,Scallop Sea,67,0.5,0,,,,67,0.5
FL05,Fall,2005,4,1,1,417,2005-10-11T00:00:00Z,Scallop Sea,11,0.12,0,,,,11.578947368421051,0.1263157894736842
FL05,Fall,2005,6,1,4,716,2005-10-11T00:00:00Z,Scallop Sea,1,0.02,0,,,,1,0.02
FL05,Fall,2005,14,2,3,525,2005-10-19T00:00:00Z,Scallop Sea,1,0.03,0,,,,1,0.03
FL05,Fall,2005,18,2,3,441,2005-10-19T00:00:00Z,Scallop Sea,2,0.18,0,,,,2,0.18
FL05,Fall,2005,22,2,4,633,2005-10-21T00:00:00Z,Scallop Sea,1,0.02,0,,,,1.4285714285714284,0.028571428571428567
FL05,Fall,2005,27,3,3,589,2005-10-27T00:00:00Z,Scallop Sea,3,0.24,0,,,,4,0.31999999999999995
FL05,Fall,2005,30,3,4,846,2005-10-27T00:00:00Z,Scallop Sea,4,0.26,0,,,,4,0.26
FL05,Fall,2005,33,3,1,42,2005-10-29T00:00:00Z,Scallop Sea,1,0,0,,,,1,0
FL05,Fall,2005,34,3,2,23,2005-10-29T00:00:00Z,Scallop Sea,1,0.04,0,,,,1,0.04
FL05,Fall,2005,36,3,3,56,2005-10-31T00:00:00Z,Scallop Sea,1,0.01,0,,,,1,0.01
FL05,Fall,2005,37,3,3,539,2005-10-31T00:00:00Z,Scallop Sea,2,0.02,0,,,,2.6666666666666665,0.026666666666666665
FL05,Fall,2005,39,3,3,363,2005-11-01T00:00:00Z,Scallop Sea,1,0.02,0,,,,1.0526315789473684,0.021052631578947368
FL05,Fall,2005,40,4,4,716,2005-11-01T00:00:00Z,Scallop Sea,1,0.01,0,,,,1,0.01
FL05,Fall,2005,41,4,3,559,2005-11-01T00:00:00Z,Scallop Sea,52,1.6,0,,,,54.73684210526316,1.6842105263157894
FL05,Fall,2005,46,4,4,658,2005-11-03T00:00:00Z,Scallop Sea,2,0.18,0,,,,2,0.18
FL05,Fall,2005,47,4,3,460,2005-11-03T00:00:00Z,Scallop Sea,20,0.66,0,,,,20,0.66
FL05,Fall,2005,53,5,2,118,2005-11-11T00:00:00Z,Scallop Sea,1,0.01,0,,,,1,0.01
FL06,Fall,2006,14,1,1,246,2006-10-04T00:00:00Z,Scallop Sea,2,0.01,0,,,,2.6666666666666665,0.013333333333333332
FL06,Fall,2006,18,1,4,596,2006-10-05T00:00:00Z,Scallop Sea,1,0.01,0,,,,1,0.01
FL06,Fall,2006,31,2,4,714,2006-10-11T00:00:00Z,Scallop Sea,1,0.01,0,,,,1,0.01
FL06,Fall,2006,33,2,3,469,2006-10-11T00:00:00Z,Scallop Sea,6,0.26,0,,,,6,0.26
FL06,Fall,2006,41,3,3,566,2006-10-16T00:00:00Z,Scallop Sea,1,0.05,0,,,,1,0.05
FL06,Fall,2006,46,3,3,618,2006-10-17T00:00:00Z,Scallop Sea,2,0.18,0,,,,2,0.18
FL06,Fall,2006,47,3,4,569,2006-10-17T00:00:00Z,Scallop Sea,1,0.12,0,,,,1,0.12
FL06,Fall,2006,54,3,3,539,2006-10-19T00:00:00Z,Scallop Sea,5,0.02,0,,,,5,0.02
FL06,Fall,2006,56,3,4,743,2006-10-19T00:00:00Z,Scallop Sea,2,0,0,,,,2,0
FL06,Fall,2006,57,3,3,461,2006-10-19T00:00:00Z,Scallop Sea,5,0.2,0,,,,6.666666666666666,0.26666666666666666
FL06,Fall,2006,63,4,3,555,2006-10-23T00:00:00Z,Scallop Sea,1,0.07,0,,,,1,0.07
FL06,Fall,2006,64,4,3,590,2006-10-23T00:00:00Z,Scallop Sea,21,0.42,0,,,,21,0.42
FL06,Fall,2006,65,4,3,496,2006-10-24T00:00:00Z,Scallop Sea,4,0.36,0,,,,5,0.44999999999999996
FL06,Fall,2006,66,4,4,664,2006-10-24T00:00:00Z,Scallop Sea,4,0.1,0,,,,4,0.1
FL06,Fall,2006,72,4,3,505,2006-10-26T00:00:00Z,Scallop Sea,2,0.04,0,,,,2,0.04
FL06,Fall,2006,74,4,3,456,2006-10-26T00:00:00Z,Scallop Sea,30,0.36,0,,,,30,0.36
FL06,Fall,2006,80,5,1,236,2006-11-07T00:00:00Z,Scallop Sea,1,0.01,0,,,,1,0.01
FL06,Fall,2006,84,5,2,190,2006-11-11T00:00:00Z,Scallop Sea,1,0.32,0,,,,1,0.32
FL07,Fall,2007,1,1,1,552,2007-10-01T00:00:00Z,Scallop Sea,1,0.44,0,,,,1.5384615384615383,0.6769230769230768
FL07,Fall,2007,3,1,1,672,2007-10-01T00:00:00Z,Scallop Sea,58,1.6400000000000001,0,,,,58,1.6400000000000001
FL07,Fall,2007,6,1,4,686,2007-10-02T00:00:00Z,Scallop Sea,5,0.16,0,,,,5,0.16
FL07,Fall,2007,7,1,3,505,2007-10-02T00:00:00Z,Scallop Sea,1,0.32,0,,,,1,0.32
FL07,Fall,2007,11,1,4,373,2007-10-03T00:00:00Z,Scallop Sea,2,0.03,0,,,,2,0.03
FL07,Fall,2007,15,1,4,135,2007-10-04T00:00:00Z,Scallop Sea,1,0.03,0,,,,1.1764705882352942,0.03529411764705882
FL07,Fall,2007,18,1,2,41,2007-10-04T00:00:00Z,Scallop Sea,3,0.74,0,,,,3,0.74
FL07,Fall,2007,25,2,4,691,2007-10-08T00:00:00Z,Scallop Sea,2,0.02,0,,,,2,0.02
FL07,Fall,2007,27,2,4,620,2007-10-09T00:00:00Z,Scallop Sea,11,0.09,0,,,,11,0.09
FL07,Fall,2007,36,2,4,479,2007-10-11T00:00:00Z,Scallop Sea,39,0.22,0,,,,39,0.22
FL07,Fall,2007,42,3,3,620,2007-10-16T00:00:00Z,Scallop Sea,7,0.18,0,,,,9.333333333333332,0.24
FL07,Fall,2007,43,3,4,705,2007-10-16T00:00:00Z,Scallop Sea,53,0.44,0,,,,53,0.44
FL07,Fall,2007,44,3,4,737,2007-10-16T00:00:00Z,Scallop Sea,41,0.38,0,,,,41,0.38
FL07,Fall,2007,45,3,4,786,2007-10-16T00:00:00Z,Scallop Sea,9,0.08,0,,,,9,0.08
FL07,Fall,2007,49,3,3,555,2007-10-18T00:00:00Z,Scallop Sea,1,0,0,,,,1.0526315789473684,0
FL07,Fall,2007,50,3,3,427,2007-10-18T00:00:00Z,Scallop Sea,16,0.44,0,,,,16,0.44
FL07,Fall,2007,51,3,3,367,2007-10-18T00:00:00Z,Scallop Sea,43,1.1500000000000001,0,,,,43,1.1500000000000001
FL07,Fall,2007,52,3,3,319,2007-10-18T00:00:00Z,Scallop Sea,13,0.16,0,,,,13,0.16
FL07,Fall,2007,55,3,2,5,2007-10-19T00:00:00Z,Scallop Sea,1,0.01,0,,,,1,0.01
FL07,Fall,2007,59,4,3,517,2007-10-22T00:00:00Z,Scallop Sea,14,0.42,0,,,,15.555555555555557,0.4666666666666667
FL07,Fall,2007,60,4,3,547,2007-10-22T00:00:00Z,Scallop Sea,62,0.64,0,,,,62,0.64
FL07,Fall,2007,61,4,3,616,2007-10-22T00:00:00Z,Scallop Sea,22,0.36,0,,,,22,0.36
FL07,Fall,2007,66,4,4,644,2007-10-24T00:00:00Z,Scallop Sea,1,0.01,0,,,,1.1111111111111112,0.011111111111111112
FL07,Fall,2007,67,4,3,497,2007-10-24T00:00:00Z,Scallop Sea,44,0.24,0,,,,44,0.24
FL07,Fall,2007,74,4,3,366,2007-10-26T00:00:00Z,Scallop Sea,2,0,0,,,,2,0
FL07,Fall,2007,75,4,3,252,2007-10-26T00:00:00Z,Scallop Sea,4,0.02,0,,,,4,0.02
FL07,Fall,2007,76,5,2,651,2007-10-29T00:00:00Z,Scallop Sea,25,0.1,0,,,,25,0.1
FL07,Fall,2007,77,5,3,675,2007-10-29T00:00:00Z,Scallop Sea,49,0.22,0,,,,49,0.22
FL07,Fall,2007,78,5,3,632,2007-10-29T00:00:00Z,Scallop Sea,311,1.4000000000000001,0,,,,311,1.4000000000000001
FL07,Fall,2007,84,5,3,530,2007-10-31T00:00:00Z,Scallop Sea,4,0.01,0,,,,4,0.01
FL07,Fall,2007,85,5,3,370,2007-11-05T00:00:00Z,Scallop Sea,60,0.24,0,,,,85.71428571428571,0.3428571428571428
FL07,Fall,2007,87,5,3,90,2007-11-07T00:00:00Z,Scallop Sea,5,0.04,0,,,,5.882352941176471,0.047058823529411764
FL08,Fall,2008,4,1,1,554,2008-09-30T00:00:00Z,Scallop Sea,14,0.78,0,,,,14,0.78
FL08,Fall,2008,6,1,4,567,2008-10-01T00:00:00Z,Scallop Sea,1,0.01,0,,,,1,0.01
FL08,Fall,2008,12,1,4,373,2008-10-02T00:00:00Z,Scallop Sea,1,0.02,0,,,,1,0.02
FL08,Fall,2008,21,2,4,720,2008-10-07T00:00:00Z,Scallop Sea,2,0.02,0,,,,2,0.02
FL08,Fall,2008,23,2,4,691,2008-10-07T00:00:00Z,Scallop Sea,4,0.08,0,,,,4,0.08
FL08,Fall,2008,24,2,3,615,2008-10-07T00:00:00Z,Scallop Sea,2,0.06,0,,,,2,0.06
FL08,Fall,2008,27,2,2,425,2008-10-08T00:00:00Z,Scallop Sea,2,0.01,0,,,,2,0.01
FL08,Fall,2008,28,2,4,624,2008-10-08T00:00:00Z,Scallop Sea,11,0.18,0,,,,11,0.18
FL08,Fall,2008,38,3,2,8,2008-10-14T00:00:00Z,Scallop Sea,2,0.1,0,,,,2.1052631578947367,0.10526315789473684
FL08,Fall,2008,42,3,4,759,2008-10-15T00:00:00Z,Scallop Sea,40,0.68,0,,,,40,0.68
FL08,Fall,2008,43,3,4,786,2008-10-15T00:00:00Z,Scallop Sea,5,0.08,0,,,,5,0.08
FL08,Fall,2008,45,3,3,427,2008-10-16T00:00:00Z,Scallop Sea,19,0.5,0,,,,19,0.5
FL08,Fall,2008,46,3,3,557,2008-10-16T00:00:00Z,Scallop Sea,35,0.88,0,,,,43.75,1.1
FL08,Fall,2008,47,3,3,555,2008-10-16T00:00:00Z,Scallop Sea,1,0.02,0,,,,1,0.02
FL08,Fall,2008,48,3,3,377,2008-10-10T00:00:00Z,Scallop Sea,1,0.004,0,,,,1.5384615384615383,0.006153846153846154
FL08,Fall,2008,56,4,3,614,2008-10-21T00:00:00Z,Scallop Sea,12,0.46,0,,,,12,0.46
FL08,Fall,2008,57,4,3,518,2008-10-21T00:00:00Z,Scallop Icelandic Sea,1,0.01,0,,,,1,0.01
FL08,Fall,2008,57,4,3,518,2008-10-21T00:00:00Z,Scallop Sea,20,0.62,0,,,,20,0.62
FL08,Fall,2008,58,4,4,443,2008-10-23T00:00:00Z,Scallop Sea,12,0.15,0,,,,12,0.15
FL08,Fall,2008,61,4,3,495,2008-10-23T00:00:00Z,Scallop Sea,69,1.56,0,,,,72.63157894736841,1.6421052631578947
FL08,Fall,2008,70,5,4,700,2008-10-28T00:00:00Z,Scallop Sea,54,0.3,0,,,,54,0.3
FL08,Fall,2008,72,5,3,633,2008-10-31T00:00:00Z,Scallop Sea,106,1.52,0,,,,111.57894736842104,1.5999999999999999
FL08,Fall,2008,73,5,3,557,2008-10-31T00:00:00Z,Scallop Sea,329,5.46,0,,,,329,5.46
FL08,Fall,2008,74,5,3,589,2008-10-31T00:00:00Z,Scallop Sea,103,1.08,0,,,,103,1.08
FL08,Fall,2008,78,5,2,209,2008-11-02T00:00:00Z,Scallop Sea,29,9.86,0,,,,29,9.86
FL09,Fall,2009,5,1,1,534,2009-10-05T00:00:00Z,Scallop Sea,23,0.26,0,,,,23,0.26
FL09,Fall,2009,11,1,4,371,2009-10-07T00:00:00Z,Scallop Sea,4,0.05,0,,,,4,0.05
FL09,Fall,2009,13,1,4,133,2009-10-07T00:00:00Z,Scallop Sea,1,0.01,,,,,1,0.01
FL09,Fall,2009,21,2,4,716,2009-10-12T00:00:00Z,Scallop Sea,7,0.1,0,,,,7,0.1
FL09,Fall,2009,22,2,4,721,2009-10-12T00:00:00Z,Scallop Sea,1,0.03,0,,,,1,0.03
FL09,Fall,2009,23,2,3,593,2009-10-12T00:00:00Z,Scallop Sea,2,0.1,0,,,,2.3529411764705883,0.11764705882352942
FL09,Fall,2009,38,2,4,515,2009-10-15T00:00:00Z,Scallop Sea,7,0.08,0,,,,7,0.08
FL09,Fall,2009,39,2,4,601,2009-10-15T00:00:00Z,Scallop Sea,2,0.001,0,,,,2,0.001
FL09,Fall,2009,41,3,3,545,2009-10-20T00:00:00Z,Scallop Sea,4,0.21,0,,,,4,0.21
FL09,Fall,2009,42,3,3,492,2009-10-20T00:00:00Z,Scallop Sea,1,0.03,0,,,,1,0.03
FL09,Fall,2009,43,3,2,387,2009-10-20T00:00:00Z,Scallop Sea,1,0.03,0,,,,1.0526315789473684,0.03157894736842105
FL09,Fall,2009,44,3,1,37,2009-10-21T00:00:00Z,Scallop Sea,13,0.012,0,,,,13,0.012
FL09,Fall,2009,50,3,3,558,2009-10-22T00:00:00Z,Scallop Sea,13,0.54,0,,,,13,0.54
FL09,Fall,2009,51,3,4,561,2009-10-22T00:00:00Z,Scallop Sea,1,0.005,0,,,,1,0.005
FL09,Fall,2009,53,3,4,534,2009-10-22T00:00:00Z,Scallop Sea,11,0.24,0,,,,11,0.24
FL09,Fall,2009,58,4,3,630,2009-10-26T00:00:00Z,Scallop Sea,10,0.6,0,,,,10,0.6
FL09,Fall,2009,59,4,4,689,2009-10-26T00:00:00Z,Scallop Sea,10,0.28,0,,,,10,0.28
FL09,Fall,2009,60,4,4,638,2009-10-26T00:00:00Z,Scallop Sea,4,0.05,0,,,,4,0.05
FL09,Fall,2009,62,4,3,491,2009-10-27T00:00:00Z,Scallop Sea,4,0.03,0,,,,4.2105263157894735,0.03157894736842105
FL09,Fall,2009,63,4,3,548,2009-10-27T00:00:00Z,Scallop Sea,56,0.46,0,,,,56,0.46
FL09,Fall,2009,64,4,4,621,2009-10-27T00:00:00Z,Scallop Sea,5,0.05,0,,,,5,0.05
FL09,Fall,2009,65,4,3,497,2009-10-27T00:00:00Z,Scallop Sea,8,0.16,0,,,,8,0.16
FL09,Fall,2009,66,4,3,438,2009-10-27T00:00:00Z,Scallop Sea,41,1.24,0,,,,51.25,1.55
FL09,Fall,2009,77,4,4,360,2009-10-30T00:00:00Z,Scallop Sea,1,0.001,0,,,,1,0.001
FL09,Fall,2009,78,4,3,226,2009-10-30T00:00:00Z,Scallop Sea,19,0.28,0,,,,21.11111111111111,0.31111111111111117
FL09,Fall,2009,79,5,2,651,2009-11-02T00:00:00Z,Scallop Sea,3,0.02,0,,,,3,0.02
FL09,Fall,2009,80,5,2,581,2009-11-02T00:00:00Z,Scallop Sea,8,0.03,0,,,,8.88888888888889,0.03333333333333333
FL09,Fall,2009,82,5,4,699,2009-11-02T00:00:00Z,Scallop Sea,20,0.2,0,,,,20,0.2
FL09,Fall,2009,83,5,3,561,2009-11-03T00:00:00Z,Scallop Sea,93,0.66,0,,,,124,0.88
FL09,Fall,2009,84,5,4,639,2009-11-03T00:00:00Z,Scallop Sea,41,0.32,0,,,,41,0.32
FL09,Fall,2009,86,5,3,564,2009-11-03T00:00:00Z,Scallop Sea,45,0.46,0,,,,45,0.46
FL09,Fall,2009,92,5,3,369,2009-11-05T00:00:00Z,Scallop Sea,253,1.34,0.62,,,,421.66666666666663,2.2333333333333334
FL10,Fall,2010,2,1,1,672,2010-10-05T00:00:00Z,Scallop Sea,3,0.06,0,,,,3,0.06
FL10,Fall,2010,3,1,2,634,2010-10-05T00:00:00Z,Scallop Sea,1,0.008,0,,,,1,0.008
FL10,Fall,2010,5,1,3,639,2010-10-05T00:00:00Z,Scallop Sea,3,0.03,0,,,,3,0.03
FL10,Fall,2010,7,1,3,504,2010-10-07T00:00:00Z,Scallop Sea,2,0.03,0,,,,2,0.03
FL10,Fall,2010,10,1,1,323,2010-10-08T00:00:00Z,Scallop Sea,1,0.008,0,,,,1,0.008
FL10,Fall,2010,11,1,1,280,2010-10-08T00:00:00Z,Scallop Sea,1,0.07,0,,,,1,0.07
FL10,Fall,2010,14,1,4,134,2010-10-08T00:00:00Z,Scallop Sea,1,0.03,0,,,,1,0.03
FL10,Fall,2010,15,1,4,94,2010-10-08T00:00:00Z,Scallop Sea,1,0.03,0,,,,1,0.03
FL10,Fall,2010,18,2,4,705,2010-10-11T00:00:00Z,Scallop Sea,2,0.4,0,,,,2,0.4
FL10,Fall,2010,19,2,4,725,2010-10-11T00:00:00Z,Scallop Sea,5,0.03,0,,,,5,0.03
FL10,Fall,2010,20,2,3,643,2010-10-11T00:00:00Z,Scallop Sea,5,0.21,0,,,,5,0.21
FL10,Fall,2010,36,2,4,519,2010-10-14T00:00:00Z,Scallop Sea,28,0.42,,,,,28,0.42
FL10,Fall,2010,37,2,4,548,2010-10-14T00:00:00Z,Scallop Sea,18,0.34,,,,,18,0.34
FL10,Fall,2010,38,2,4,575,2010-10-14T00:00:00Z,Scallop Sea,7,0.04,,,,,7,0.04
FL10,Fall,2010,42,3,1,78,2010-10-19T00:00:00Z,Scallop Sea,120,2.5,,,,,120,2.5
FL10,Fall,2010,43,3,1,16,2010-10-19T00:00:00Z,Scallop Sea,1,0.03,,,,,1.25,0.0375
FL10,Fall,2010,48,3,4,705,2010-10-20T00:00:00Z,Scallop Sea,2,0.03,,,,,2,0.03
FL10,Fall,2010,49,3,4,770,2010-10-20T00:00:00Z,Scallop Sea,4,0.14,,,,,4,0.14
FL10,Fall,2010,50,3,4,741,2010-10-20T00:00:00Z,Scallop Sea,3,0.06,,,,,3,0.06
FL10,Fall,2010,54,3,4,587,2010-10-21T00:00:00Z,Scallop Sea,1,0.005,,,,,1,0.005
FL10,Fall,2010,55,3,3,336,2010-10-21T00:00:00Z,Scallop Sea,1,0.01,,,,,1,0.01
FL10,Fall,2010,59,4,4,691,2010-10-25T00:00:00Z,Scallop Sea,7,0.07,,,,,7,0.07
FL10,Fall,2010,60,4,4,638,2010-10-25T00:00:00Z,Scallop Sea,10,0.09,,,,,10,0.09
FL10,Fall,2010,61,4,3,543,2010-10-25T00:00:00Z,Scallop Sea,74,2.96,,,,,148,5.92
FL10,Fall,2010,62,4,1,45,2010-10-26T00:00:00Z,Scallop Sea,110,1.08,,,,,110,1.08
FL10,Fall,2010,63,4,1,23,2010-10-26T00:00:00Z,Scallop Sea,19,0.46,,,,,19,0.46
FL10,Fall,2010,65,4,3,499,2010-10-27T00:00:00Z,Scallop Sea,1,0.005,,,,,1.4285714285714284,0.007142857142857142
FL10,Fall,2010,73,5,4,715,2010-11-01T00:00:00Z,Scallop Sea,1,0.004,,,,,1,0.004
FL10,Fall,2010,76,5,3,527,2010-11-02T00:00:00Z,Scallop Icelandic Sea,1,0.01,,,,,1.25,0.0125
FL10,Fall,2010,76,5,3,527,2010-11-02T00:00:00Z,Scallop Sea,25,0.28,,,,,31.25,0.35000000000000003
FL10,Fall,2010,77,5,3,585,2010-11-02T00:00:00Z,Scallop Sea,374,3.52,0.94,,,,467.5,4.4
FL10,Fall,2010,78,5,2,490,2010-11-02T00:00:00Z,Scallop Sea,2,0.02,,,,,2.6666666666666665,0.026666666666666665
FL10,Fall,2010,79,5,3,564,2010-11-03T00:00:00Z,Scallop Sea,412,2.12,0.54,,,,412,2.12
FL10,Fall,2010,82,5,3,615,2010-11-03T00:00:00Z,Scallop Sea,270,3.3000000000000003,1.22,,,,270,3.3000000000000003
FL10,Fall,2010,83,5,3,587,2010-11-03T00:00:00Z,Scallop Sea,571,9.74,1.74,,,,571,9.74
FL11,Fall,2011,6,1,4,428,2011-10-05T00:00:00Z,Scallop Sea,4,0.03,,,,,4,0.03
FL11,Fall,2011,7,1,4,627,2011-10-05T00:00:00Z,Scallop Sea,3,0.06,,,,,3,0.06
FL11,Fall,2011,10,1,1,323,2011-10-06T00:00:00Z,Scallop Sea,4,0.03,,,,,5,0.0375
FL11,Fall,2011,11,1,1,322,2011-10-06T00:00:00Z,Scallop Sea,21,0.18,,,,,21,0.18
FL11,Fall,2011,13,1,3,209,2011-10-07T00:00:00Z,Scallop Sea,1,0.02,,,,,1.3333333333333333,0.026666666666666665
FL11,Fall,2011,14,1,4,237,2011-10-07T00:00:00Z,Scallop Sea,5,0.02,,,,,5,0.02
FL11,Fall,2011,15,1,4,109,2011-10-07T00:00:00Z,Scallop Sea,16,0.12,,,,,16,0.12
FL11,Fall,2011,19,1,3,115,2011-10-08T00:00:00Z,Scallop Sea,1,0.02,,,,,1,0.02
FL11,Fall,2011,23,2,4,727,2011-10-10T00:00:00Z,Scallop Sea,11,0.08,,,,,11,0.08
FL11,Fall,2011,24,2,3,638,2011-10-10T00:00:00Z,Scallop Sea,1,0.03,,,,,1,0.03
FL11,Fall,2011,25,2,3,588,2011-10-10T00:00:00Z,Scallop Sea,1,0.12,,,,,1,0.12
FL11,Fall,2011,31,2,4,677,2011-10-12T00:00:00Z,Scallop Sea,7,0.05,,,,,7,0.05
FL11,Fall,2011,32,2,4,594,2011-10-12T00:00:00Z,Scallop Sea,12,0.36300000000000004,,,,,14.117647058823529,0.4270588235294118
FL11,Fall,2011,34,2,4,575,2011-10-13T00:00:00Z,Scallop Sea,1,0.05,,,,,1,0.05
FL11,Fall,2011,35,2,4,515,2011-10-13T00:00:00Z,Scallop Sea,4,0.05,,,,,4.444444444444445,0.05555555555555556
FL11,Fall,2011,36,2,4,476,2011-10-13T00:00:00Z,Scallop Sea,4,0.07,,,,,5.333333333333333,0.09333333333333334
FL11,Fall,2011,48,3,3,557,2011-10-22T00:00:00Z,Scallop Sea,1,0.09,,,,,2,0.18
FL11,Fall,2011,49,3,4,561,2011-10-22T00:00:00Z,Scallop Sea,1,0.02,,,,,1,0.02
FL11,Fall,2011,50,3,4,507,2011-10-22T00:00:00Z,Scallop Sea,1,0.007,,,,,1.3333333333333333,0.009333333333333332
FL11,Fall,2011,52,4,3,651,2011-10-24T00:00:00Z,Scallop Sea,6,0.17,,,,,6,0.17
FL11,Fall,2011,54,4,3,543,2011-10-24T00:00:00Z,Scallop Sea,1,0.03,,,,,1.25,0.0375
FL11,Fall,2011,55,4,1,48,2011-10-25T00:00:00Z,Scallop Sea,27,1.1400000000000001,,,,,27,1.1400000000000001
FL11,Fall,2011,56,4,1,28,2011-10-25T00:00:00Z,Scallop Sea,533,27.5,5.52,,,,561.0526315789473,28.94736842105263
FL11,Fall,2011,57,4,2,55,2011-10-25T00:00:00Z,Scallop Sea,3,0.1,,,,,4,0.13333333333333333
FL11,Fall,2011,59,4,4,596,2011-10-26T00:00:00Z,Scallop Sea,15,0.14,,,,,15,0.14
FL11,Fall,2011,60,4,4,600,2011-10-26T00:00:00Z,Scallop Sea,1,0.005,,,,,1,0.005
FL11,Fall,2011,61,4,3,499,2011-10-26T00:00:00Z,Scallop Sea,1,0.005,,,,,1.3333333333333333,0.006666666666666666
FL11,Fall,2011,69,5,3,632,2011-11-01T00:00:00Z,Scallop Sea,1,0.004,,,,,1,0.004
FL11,Fall,2011,71,5,4,681,2011-11-01T00:00:00Z,Scallop Sea,12,0.08,,,,,12,0.08
FL11,Fall,2011,78,5,3,532,2011-11-03T00:00:00Z,Scallop Sea,6,0.04,,,,,7.5,0.05
FL11,Fall,2011,80,5,4,670,2011-11-03T00:00:00Z,Scallop Sea,1,0.007,,,,,1.1111111111111112,0.007777777777777778
FL11,Fall,2011,83,5,2,195,2011-11-04T00:00:00Z,Scallop Sea,1,0.003,,,,,1,0.003
FL12,Fall,2012,4,1,1,554,2012-09-24T00:00:00Z,Scallop Sea,4,0.05,,,,,4,0.05
FL12,Fall,2012,5,1,3,483,2012-09-25T00:00:00Z,Scallop Sea,2,0.05,,,,,2,0.05
FL12,Fall,2012,9,1,2,636,2012-09-25T00:00:00Z,Scallop Sea,1,0.06,,,,,1.1764705882352942,0.07058823529411765
FL12,Fall,2012,10,1,4,506,2012-09-26T00:00:00Z,Scallop Sea,3,0.02,,,,,3,0.02
FL12,Fall,2012,11,1,4,528,2012-09-26T00:00:00Z,Scallop Sea,15,0.14,,,,,15,0.14
FL12,Fall,2012,12,1,4,489,2012-09-26T00:00:00Z,Scallop Sea,3,0.02,,,,,3,0.02
FL12,Fall,2012,13,1,4,372,2012-09-26T00:00:00Z,Scallop Sea,5,0.1,,,,,5,0.1
FL12,Fall,2012,14,1,4,313,2012-09-26T00:00:00Z,Scallop Sea,5,0.09,,,,,5.555555555555555,0.1
FL12,Fall,2012,24,2,4,706,2012-10-01T00:00:00Z,Scallop Sea,8,0.22,,,,,7.6190476190476195,0.20952380952380953
FL12,Fall,2012,25,2,3,614,2012-10-01T00:00:00Z,Scallop Sea,1,0.05,,,,,1.3333333333333333,0.06666666666666667
FL12,Fall,2012,29,2,1,379,2012-10-02T00:00:00Z,Scallop Sea,2,0.02,,,,,2,0.02
FL12,Fall,2012,31,2,4,620,2012-10-02T00:00:00Z,Scallop Sea,11,0.42,,,,,11,0.42
FL12,Fall,2012,37,2,4,604,2012-10-04T00:00:00Z,Scallop Sea,11,0.07,,,,,11,0.07
FL12,Fall,2012,38,2,4,515,2012-10-04T00:00:00Z,Scallop Sea,3,0.07,,,,,4,0.09333333333333334
FL12,Fall,2012,40,2,4,138,2012-10-04T00:00:00Z,Scallop Sea,1,0.04,,,,,1,0.04
FL12,Fall,2012,50,3,1,64,2012-10-09T00:00:00Z,Scallop Sea,2,0.06,,,,,2,0.06
FL12,Fall,2012,51,3,1,40,2012-10-09T00:00:00Z,Scallop Sea,1,0.13,,,,,1.3333333333333333,0.17333333333333334
FL12,Fall,2012,52,3,1,26,2012-10-09T00:00:00Z,Scallop Sea,6,0.44,,,,,7.5,0.55
FL12,Fall,2012,54,3,3,620,2012-10-09T00:00:00Z,Scallop Sea,1,0.004,,,,,1.25,0.005
FL12,Fall,2012,64,4,1,28,2012-10-16T00:00:00Z,Scallop Sea,32,4.5,,,,,32,4.5
FL12,Fall,2012,65,4,1,26,2012-10-16T00:00:00Z,Scallop Sea,182,26.92,,,,,182,26.92
FL12,Fall,2012,66,4,1,25,2012-10-16T00:00:00Z,Scallop Sea,4,0.6,,,,,4.444444444444445,0.6666666666666666
FL12,Fall,2012,67,4,4,618,2012-10-17T00:00:00Z,Scallop Sea,4,0.07,,,,,4,0.07
FL12,Fall,2012,70,4,3,464,2012-10-17T00:00:00Z,Scallop Sea,1,0.002,,,,,1.3333333333333333,0.0026666666666666666
FL12,Fall,2012,71,4,3,465,2012-10-17T00:00:00Z,Scallop Sea,3,0.01,,,,,3,0.01
FL12,Fall,2012,72,4,3,467,2012-10-17T00:00:00Z,Scallop Sea,8,0.02,,,,,10.666666666666666,0.026666666666666665
FL12,Fall,2012,73,4,3,224,2012-10-18T00:00:00Z,Scallop Sea,1,0.002,,,,,1,0.002
FL12,Fall,2012,77,4,3,266,2012-10-18T00:00:00Z,Scallop Sea,2,0.007,,,,,2,0.007
FL12,Fall,2012,88,5,3,679,2012-10-23T00:00:00Z,Scallop Sea,13,0.03,,,,,13,0.03
FL12,Fall,2012,91,5,3,401,2012-10-24T00:00:00Z,Scallop Sea,11,0.04,,,,,12.941176470588236,0.047058823529411764
FL12,Fall,2012,92,5,2,332,2012-10-24T00:00:00Z,Scallop Sea,2,0.005,,,,,2.6666666666666665,0.006666666666666666
FL12,Fall,2012,93,5,3,203,2012-10-25T00:00:00Z,Scallop Sea,17,0.12,,,,,21.25,0.15
FL12,Fall,2012,94,5,2,201,2012-10-25T00:00:00Z,Scallop Sea,54,0.72,,,,,72,0.96
FL12,Fall,2012,97,5,1,117,2012-10-25T00:00:00Z,Scallop Sea,4,0.03,,,,,5.333333333333333,0.039999999999999994
FL12,Fall,2012,98,5,3,49,2012-10-26T00:00:00Z,Scallop Sea,2,0.01,,,,,3.0769230769230766,0.015384615384615384
FL12,Fall,2012,99,5,3,11,2012-10-26T00:00:00Z,Scallop Sea,2,0.01,,,,,2.2222222222222223,0.011111111111111112
FL13,Fall,2013,4,1,4,684,2013-09-24T00:00:00Z,Scallop Sea,9,0.08,,,,,9,0.08
FL13,Fall,2013,5,1,3,603,2013-09-24T00:00:00Z,Scallop Sea,6,0.14,,,,,6,0.14
FL13,Fall,2013,6,1,3,621,2013-09-24T00:00:00Z,Scallop Sea,8,0.16,,,,,8,0.16
FL13,Fall,2013,8,1,1,301,2013-09-25T00:00:00Z,Scallop Sea,19,0.52,,,,,21.11111111111111,0.5777777777777778
FL13,Fall,2013,10,1,1,218,2013-09-25T00:00:00Z,Scallop Sea,1,0.2,,,,,1,0.2
FL13,Fall,2013,14,1,4,428,2013-09-26T00:00:00Z,Scallop Sea,52,0.46,,,,,52,0.46
FL13,Fall,2013,15,1,4,372,2013-09-26T00:00:00Z,Scallop Sea,17,0.44,,,,,17,0.44
FL13,Fall,2013,16,1,4,296,2013-09-26T00:00:00Z,Scallop Sea,6,0.12,,,,,6,0.12
FL13,Fall,2013,18,1,4,109,2013-09-26T00:00:00Z,Scallop Sea,83,1.22,,,,,83,1.22
FL13,Fall,2013,25,2,3,660,2013-09-30T00:00:00Z,Scallop Sea,1,0.04,,,,,1,0.04
FL13,Fall,2013,26,2,4,741,2013-10-01T00:00:00Z,Scallop Sea,28,0.34,,,,,28,0.34
FL13,Fall,2013,27,2,4,644,2013-10-01T00:00:00Z,Scallop Sea,6,0.26,,,,,6,0.26
FL13,Fall,2013,28,2,4,594,2013-10-01T00:00:00Z,Scallop Sea,7,0.41000000000000003,,,,,7.368421052631579,0.43157894736842106
FL13,Fall,2013,29,2,3,566,2013-10-01T00:00:00Z,Scallop Sea,2,0.01,,,,,2,0.01
FL13,Fall,2013,39,2,4,519,2013-10-03T00:00:00Z,Scallop Sea,65,0.88,,,,,65,0.88
FL13,Fall,2013,40,2,4,522,2013-10-03T00:00:00Z,Scallop Sea,27,0.46,,,,,27,0.46
FL13,Fall,2013,56,3,4,759,2013-10-09T00:00:00Z,Scallop Sea,92,2.16,,,,,92,2.16
FL13,Fall,2013,58,3,4,730,2013-10-09T00:00:00Z,Scallop Sea,8,0.06,,,,,8,0.06
FL13,Fall,2013,59,3,4,664,2013-10-09T00:00:00Z,Scallop Sea,71,0.24,,,,,78.88888888888889,0.26666666666666666
FL13,Fall,2013,63,3,4,534,2013-10-10T00:00:00Z,Scallop Sea,32,0.18,,,,,40,0.22499999999999998
FL13,Fall,2013,67,4,4,660,2013-10-14T00:00:00Z,Scallop Sea,14,0.08,,,,,14,0.08
FL13,Fall,2013,71,4,1,25,2013-10-15T00:00:00Z,Scallop Sea,1,0.25,,,,,1,0.25
FL13,Fall,2013,73,4,3,465,2013-10-16T00:00:00Z,Scallop Sea,3,0.01,,,,,3,0.01
FL13,Fall,2013,76,4,4,477,2013-10-16T00:00:00Z,Scallop Sea,11,0.04,,,,,11,0.04
FL13,Fall,2013,78,4,3,298,2013-10-17T00:00:00Z,Scallop Sea,4,0.02,,,,,5.333333333333333,0.026666666666666665
FL13,Fall,2013,87,5,4,718,2013-10-21T00:00:00Z,Scallop Sea,19,0.16,,,,,19,0.16
FL13,Fall,2013,89,5,2,489,2013-10-22T00:00:00Z,Scallop Sea,6,0.02,,,,,6,0.02
FL13,Fall,2013,91,5,4,570,2013-10-23T00:00:00Z,Scallop Sea,3,0.01,,,,,3,0.01
FL13,Fall,2013,92,5,3,500,2013-10-23T00:00:00Z,Scallop Sea,83,0.46,,,,,127.69230769230768,0.7076923076923076
FL13,Fall,2013,93,5,4,621,2013-10-23T00:00:00Z,Scallop Sea,163,0.98,0.6,,,,163,0.98
FL13,Fall,2013,94,5,4,618,2013-10-23T00:00:00Z,Scallop Sea,119,0.46,,,,,119,0.46
FL13,Fall,2013,95,5,3,348,2013-10-24T00:00:00Z,Scallop Sea,11,0.3,,,,,13.75,0.375
FL14,Fall,2014,1,1,3,600,2014-09-29T00:00:00Z,Scallop Sea,22,0.62,,,,,22,0.62
FL14,Fall,2014,3,1,2,656,2014-09-29T00:00:00Z,Scallop Sea,1,0.004,,,,,1,0.004
FL14,Fall,2014,5,1,1,554,2014-09-29T00:00:00Z,Scallop Sea,1,0.006,,,,,1.8181818181818181,0.010909090909090908
FL14,Fall,2014,6,1,4,565,2014-09-30T00:00:00Z,Scallop Sea,20,0.85,,,,,20,0.85
FL14,Fall,2014,7,1,3,505,2014-09-30T00:00:00Z,Scallop Sea,9,0.44,,,,,9,0.44
FL14,Fall,2014,8,1,4,424,2014-09-30T00:00:00Z,Scallop Sea,1,0.002,,,,,1,0.002
FL14,Fall,2014,9,1,2,433,2014-09-30T00:00:00Z,Scallop Sea,4,0.09,,,,,4.705882352941177,0.10588235294117647
FL14,Fall,2014,15,1,4,392,2014-10-02T00:00:00Z,Scallop Sea,18,0.37,,,,,18,0.37
FL14,Fall,2014,16,1,4,356,2014-10-02T00:00:00Z,Scallop Sea,17,0.41000000000000003,,,,,17,0.41000000000000003
FL14,Fall,2014,17,1,4,276,2014-10-02T00:00:00Z,Scallop Sea,12,0.2,,,,,12,0.2
FL14,Fall,2014,18,1,4,107,2014-10-02T00:00:00Z,Scallop Sea,1,0.03,,,,,1,0.03
FL14,Fall,2014,28,2,3,587,2014-10-07T00:00:00Z,Scallop Sea,1,0.03,,,,,1,0.03
FL14,Fall,2014,29,2,4,686,2014-10-07T00:00:00Z,Scallop Sea,4,0.16,,,,,4,0.16
FL14,Fall,2014,30,2,4,668,2014-10-07T00:00:00Z,Scallop Sea,6,0.05,,,,,6,0.05
FL14,Fall,2014,31,2,4,691,2014-10-07T00:00:00Z,Scallop Sea,13,0.18,,,,,13,0.18
FL14,Fall,2014,32,2,3,593,2014-10-07T00:00:00Z,Scallop Sea,1,0.01,,,,,1.3333333333333333,0.013333333333333332
FL14,Fall,2014,35,2,4,522,2014-10-09T00:00:00Z,Scallop Sea,45,1.55,,,,,45,1.55
FL14,Fall,2014,36,2,4,397,2014-10-09T00:00:00Z,Scallop Sea,19,0.42,,,,,23.75,0.525
FL14,Fall,2014,51,3,4,705,2014-10-15T00:00:00Z,Scallop Sea,11,0.32,,,,,11,0.32
FL14,Fall,2014,52,3,4,775,2014-10-15T00:00:00Z,Scallop Sea,4,0.11,,,,,4,0.11
FL14,Fall,2014,58,3,4,586,2014-10-16T00:00:00Z,Scallop Sea,1,0.02,,,,,1,0.02
FL14,Fall,2014,65,4,4,623,2014-10-20T00:00:00Z,Scallop Sea,1,0.03,,,,,1,0.03
FL14,Fall,2014,77,5,4,750,2014-10-27T00:00:00Z,Scallop Sea,1,0.02,,,,,1,0.02
FL14,Fall,2014,82,5,3,531,2014-10-28T00:00:00Z,Scallop Sea,10,0.39,,,,,10,0.39
FL14,Fall,2014,83,5,3,615,2014-10-28T00:00:00Z,Scallop Sea,7,0.34,,,,,7,0.34
FL14,Fall,2014,84,5,4,639,2014-10-28T00:00:00Z,Scallop Sea,38,1.25,,,,,38,1.25
FL14,Fall,2014,90,5,2,226,2014-10-30T00:00:00Z,Scallop Sea,1,0.003,,,,,1,0.003
FL15,Fall,2015,1,1,3,583,2015-09-28T00:00:00Z,Scallop Sea,2,0.16,,,,,2,0.16
FL15,Fall,2015,5,1,1,534,2015-09-28T00:00:00Z,Scallop Sea,28,0.33,,,,,31.111111111111114,0.3666666666666667
FL15,Fall,2015,6,1,2,498,2015-09-29T00:00:00Z,Scallop Sea,5,0.06,,,,,5.555555555555555,0.06666666666666667
FL15,Fall,2015,8,1,3,452,2015-09-29T00:00:00Z,Scallop Sea,1,0.11,,,,,1,0.11
FL15,Fall,2015,9,1,4,455,2015-09-29T00:00:00Z,Scallop Sea,3,0.21,,,,,3,0.21
FL15,Fall,2015,10,1,4,546,2015-09-29T00:00:00Z,Scallop Sea,4,0.18,,,,,4,0.18
FL15,Fall,2015,13,1,3,252,2015-10-01T00:00:00Z,Scallop Sea,2,0.19,,,,,2.1052631578947367,0.19999999999999998
FL15,Fall,2015,14,1,4,255,2015-10-01T00:00:00Z,Scallop Sea,11,0.48,,,,,11,0.48
FL15,Fall,2015,22,2,4,732,2015-10-06T00:00:00Z,Scallop Sea,4,0.17,,,,,4,0.17
FL15,Fall,2015,23,2,4,689,2015-10-06T00:00:00Z,Scallop Sea,4,0.17,,,,,4,0.17
FL15,Fall,2015,26,2,4,553,2015-10-07T00:00:00Z,Scallop Sea,8,0.39,,,,,8,0.39
FL15,Fall,2015,27,2,4,578,2015-10-07T00:00:00Z,Scallop Sea,27,1.26,,,,,27,1.26
FL15,Fall,2015,28,2,4,627,2015-10-07T00:00:00Z,Scallop Sea,17,0.71,,,,,17,0.71
FL15,Fall,2015,57,4,4,658,2015-10-19T00:00:00Z,Scallop Sea,1,0.04,,,,,1,0.04
FL15,Fall,2015,60,4,1,28,2015-10-20T00:00:00Z,Scallop Sea,2,0.5,,,,,2,0.5
FL15,Fall,2015,74,5,4,661,2015-10-27T00:00:00Z,Scallop Sea,2,0.12,,,,,2,0.12
FL15,Fall,2015,76,5,4,680,2015-10-27T00:00:00Z,Scallop Sea,16,1.27,,,,,16,1.27
FL15,Fall,2015,78,5,3,529,2015-10-28T00:00:00Z,Scallop Sea,1,0.06,,,,,1.3333333333333333,0.07999999999999999
FL16,Fall,2016,1,1,3,603,2016-09-26T00:00:00Z,Scallop Sea,2,0.12,,,,,2,0.12
FL16,Fall,2016,4,1,1,554,2016-09-26T00:00:00Z,Scallop Sea,41,0.32,,,,,41,0.32
FL16,Fall,2016,5,1,1,534,2016-09-26T00:00:00Z,Scallop Sea,39,0.44,,,,,45.88235294117647,0.5176470588235295
FL16,Fall,2016,9,1,4,426,2016-09-27T00:00:00Z,Scallop Sea,10,1.02,,,,,10,1.02
FL16,Fall,2016,10,1,4,429,2016-09-27T00:00:00Z,Scallop Sea,26,1.18,,,,,26,1.18
FL16,Fall,2016,11,1,4,507,2016-09-27T00:00:00Z,Scallop Sea,1,0.06,,,,,1,0.06
FL16,Fall,2016,12,1,3,348,2016-09-28T00:00:00Z,Scallop Sea,2,0.009000000000000001,,,,,2.6666666666666665,0.012
FL16,Fall,2016,13,1,4,257,2016-09-29T00:00:00Z,Scallop Sea,3,0.13,,,,,3,0.13
FL16,Fall,2016,14,1,4,120,2016-09-29T00:00:00Z,Scallop Sea,6,0.11,,,,,6,0.11
FL16,Fall,2016,15,1,4,70,2016-09-29T00:00:00Z,Scallop Sea,1,0.14,,,,,1.6666666666666665,0.23333333333333334
FL16,Fall,2016,22,2,4,685,2016-10-03T00:00:00Z,Scallop Sea,1,0.1,,,,,1,0.1
FL16,Fall,2016,23,2,4,714,2016-10-03T00:00:00Z,Scallop Sea,133,1.62,,,,,133,1.62
FL16,Fall,2016,24,2,4,736,2016-10-03T00:00:00Z,Scallop Sea,130,0.68,0.54,,,,130,0.68
FL16,Fall,2016,25,2,4,689,2016-10-03T00:00:00Z,Scallop Sea,7,0.32,,,,,7,0.32
FL17,Fall,2017,5,1,2,612,2017-10-02T00:00:00Z,Scallop Sea,2,0.01,,,,,2.3529411764705883,0.011764705882352941
FL17,Fall,2017,7,1,2,434,2017-10-03T00:00:00Z,Scallop Sea,3,0.01,,,,,3.3333333333333335,0.011111111111111112
FL17,Fall,2017,9,1,3,311,2017-10-03T00:00:00Z,Scallop Sea,2,0.01,,,,,2.6666666666666665,0.013333333333333332
FL17,Fall,2017,10,1,4,393,2017-10-03T00:00:00Z,Scallop Sea,20,1.5,,,,,20,1.5
FL17,Fall,2017,11,1,4,390,2017-10-03T00:00:00Z,Scallop Sea,3,0.07,,,,,3,0.07
FL17,Fall,2017,16,1,1,361,2017-10-04T00:00:00Z,Scallop Sea,17,0.07,,,,,17,0.07
FL17,Fall,2017,17,1,4,232,2017-10-05T00:00:00Z,Scallop Sea,6,0.28,,,,,6,0.28
FL17,Fall,2017,18,1,4,257,2017-10-05T00:00:00Z,Scallop Sea,1,0.03,,,,,1,0.03
FL17,Fall,2017,19,1,4,135,2017-10-05T00:00:00Z,Scallop Sea,36,0.92,,,,,36,0.92
FL17,Fall,2017,20,1,4,95,2017-10-05T00:00:00Z,Scallop Sea,7,0.46,,,,,7,0.46
FL17,Fall,2017,27,2,4,720,2017-10-09T00:00:00Z,Scallop Sea,22,1.22,,,,,22,1.22
FL17,Fall,2017,28,2,4,741,2017-10-09T00:00:00Z,Scallop Sea,3,0.03,,,,,3,0.03
FL17,Fall,2017,37,2,4,696,2017-10-11T00:00:00Z,Scallop Sea,7,0.17,,,,,7,0.17
FL17,Fall,2017,56,3,1,79,2017-10-17T00:00:00Z,Scallop Sea,4,0.09,,,,,4,0.09
FL17,Fall,2017,97,5,2,121,2017-11-04T00:00:00Z,Scallop Sea,1,0.2,,,,,1,0.2
FL18,Fall,2018,5,1,4,685,2018-10-02T00:00:00Z,Scallop Sea,7,0.1,,,,,7,0.1
FL18,Fall,2018,6,1,3,623,2018-10-02T00:00:00Z,Scallop Sea,1,0.13,,,,,1,0.13
FL18,Fall,2018,14,1,4,443,2018-10-04T00:00:00Z,Scallop Sea,3,0.12,,,,,2.727272727272727,0.10909090909090909
FL18,Fall,2018,15,1,4,357,2018-10-04T00:00:00Z,Scallop Sea,1,0.01,,,,,1,0.01
FL18,Fall,2018,16,1,4,277,2018-10-04T00:00:00Z,Scallop Sea,1,0.03,,,,,1,0.03
FL18,Fall,2018,17,1,4,216,2018-10-04T00:00:00Z,Scallop Sea,8,0.14,,,,,8,0.14
FL18,Fall,2018,31,2,4,696,2018-10-10T00:00:00Z,Scallop Sea,3,0.19,,,,,3,0.19
FL18,Fall,2018,52,3,4,770,2018-10-17T00:00:00Z,Scallop Sea,1,0.002,,,,,0.9523809523809524,0.001904761904761905
FL18,Fall,2018,64,4,1,45,2018-10-23T00:00:00Z,Scallop Sea,1,0.006,,,,,1,0.006
FL18,Fall,2018,93,5,3,202,2018-11-01T00:00:00Z,Scallop Sea,7,0.03,,,,,7,0.03
FL18,Fall,2018,95,5,2,141,2018-11-02T00:00:00Z,Scallop Sea,5,0.02,,,,,5.555555555555555,0.022222222222222223
FL19,Fall,2019,2,1,2,674,2019-09-23T00:00:00Z,Scallop Sea,25,0.18,,,,,25,0.18
FL19,Fall,2019,5,1,1,554,2019-09-23T00:00:00Z,Scallop Sea,11,0.05,,,,,11,0.05
FL19,Fall,2019,9,1,2,420,2019-09-24T00:00:00Z,Scallop Sea,2,0.004,,,,,2.1052631578947367,0.004210526315789474
FL19,Fall,2019,14,1,4,372,2019-09-26T00:00:00Z,Scallop Sea,1,0.05,,,,,1.0526315789473684,0.05263157894736842
FL19,Fall,2019,15,1,4,337,2019-09-26T00:00:00Z,Scallop Sea,1,0.03,,,,,1,0.03
FL19,Fall,2019,16,1,4,255,2019-09-26T00:00:00Z,Scallop Sea,1,0.06,,,,,1,0.06
FL19,Fall,2019,18,1,4,192,2019-09-26T00:00:00Z,Scallop Sea,2,0.07,,,,,2,0.07
FL19,Fall,2019,28,2,4,706,2019-10-01T00:00:00Z,Scallop Sea,2,0.1,,,,,2,0.1
FL19,Fall,2019,29,2,4,736,2019-10-01T00:00:00Z,Scallop Sea,10,0.26,,,,,10.526315789473683,0.2736842105263158
FL19,Fall,2019,30,2,4,713,2019-10-01T00:00:00Z,Scallop Sea,18,0.88,,,,,18,0.88
FL19,Fall,2019,51,3,4,751,2019-10-09T00:00:00Z,Scallop Sea,1,0.008,,,,,0.9523809523809524,0.00761904761904762
FL19,Fall,2019,95,5,2,158,2019-10-25T00:00:00Z,Scallop Sea,1,0.002,,,,,1.25,0.0025
FL19,Fall,2019,98,5,2,16,2019-10-26T00:00:00Z,Scallop Sea,1,0.22,,,,,1,0.22
FL20,Fall,2020,8,1,4,258,2020-09-23T00:00:00Z,Scallop Sea,3,0.14,,,,,3,0.14
FL20,Fall,2020,10,1,4,149,2020-09-23T00:00:00Z,Scallop Sea,1,0.01,,,,,1,0.01
FL20,Fall,2020,11,1,4,95,2020-09-23T00:00:00Z,Scallop Sea,7,0.18,,,,,7,0.18
FL20,Fall,2020,23,2,4,738,2020-09-27T00:00:00Z,Scallop Sea,3,0.16,,,,,3,0.16
FL20,Fall,2020,42,3,1,52,2020-10-06T00:00:00Z,Scallop Sea,5,0.07,,,,,5,0.07
FL20,Fall,2020,43,3,1,37,2020-10-06T00:00:00Z,Scallop Sea,6,0.15,,,,,7.5,0.1875
FL20,Fall,2020,83,5,4,594,2020-10-21T00:00:00Z,Scallop Sea,1,0.006,,,,,1,0.006
FL20,Fall,2020,88,5,2,121,2020-10-22T00:00:00Z,Scallop Sea,62,0.34,,,,,62,0.34
FL20,Fall,2020,90,5,3,24,2020-10-23T00:00:00Z,Scallop Sea,1,0.33,,,,,1.25,0.41250000000000003
FL21,Fall,2021,2,1,4,585,2021-09-27T00:00:00Z,Scallop Sea,1,0.006,,,,,1,0.006
FL21,Fall,2021,8,1,4,336,2021-09-28T00:00:00Z,Scallop Sea,1,0.006,,,,,1,0.006
FL21,Fall,2021,24,2,4,725,2021-10-04T00:00:00Z,Scallop Sea,2,0.01,,,,,2,0.01
FL21,Fall,2021,28,2,1,342,2021-10-05T00:00:00Z,Scallop Sea,3,0.04,,,,,3,0.04
FL21,Fall,2021,49,3,1,52,2021-10-12T00:00:00Z,Scallop Sea,14,0.16,,,,,14,0.16
FL21,Fall,2021,64,4,4,674,2021-10-18T00:00:00Z,Scallop Sea,1,0.01,,,,,1,0.01
FL21,Fall,2021,72,4,4,641,2021-10-20T00:00:00Z,Scallop Sea,2,0.02,,,,,2,0.02
FL21,Fall,2021,81,5,3,436,2021-10-25T00:00:00Z,Scallop Sea,5,0.03,,,,,6.25,0.0375
FL21,Fall,2021,82,5,3,333,2021-10-25T00:00:00Z,Scallop Sea,10,0.03,,,,,10,0.03
FL21,Fall,2021,83,5,2,294,2021-10-26T00:00:00Z,Scallop Sea,1,0.008,,,,,1.1111111111111112,0.008888888888888889
FL21,Fall,2021,88,5,4,690,2021-10-29T00:00:00Z,Scallop Sea,1,0.006,,,,,0.9523809523809524,0.005714285714285715
FL22,Fall,2022,2,1,3,661,2022-09-26T00:00:00Z,Scallop Sea,1,0.04,,,,,1,0.04
FL22,Fall,2022,3,1,2,574,2022-09-26T00:00:00Z,Scallop Sea,3,0.01,,,,,3,0.01
FL22,Fall,2022,5,1,2,346,2022-09-27T00:00:00Z,Scallop Sea,1,0.004,,,,,1,0.004
FL22,Fall,2022,7,1,1,360,2022-09-27T00:00:00Z,Scallop Sea,7,0.07,,,,,9.999999999999998,0.09999999999999999
FL22,Fall,2022,8,1,4,443,2022-09-28T00:00:00Z,Scallop Sea,20,0.47000000000000003,,,,,20,0.47000000000000003
FL22,Fall,2022,9,1,4,392,2022-09-28T00:00:00Z,Scallop Sea,38,0.09,,,,,38,0.09
FL22,Fall,2022,10,1,4,337,2022-09-28T00:00:00Z,Scallop Sea,8,0.03,,,,,8,0.03
FL22,Fall,2022,11,1,4,278,2022-09-28T00:00:00Z,Scallop Sea,28,0.2,,,,,28,0.2
FL22,Fall,2022,12,1,4,237,2022-09-28T00:00:00Z,Scallop Sea,5,0.01,,,,,5,0.01
FL22,Fall,2022,13,1,4,82,2022-09-29T00:00:00Z,Scallop Sea,19,0.39,,,,,19,0.39
FL22,Fall,2022,20,2,4,669,2022-10-03T00:00:00Z,Scallop Sea,3,0.05,,,,,3,0.05
FL22,Fall,2022,21,2,4,724,2022-10-03T00:00:00Z,Scallop Sea,18,0.22,,,,,21.176470588235293,0.25882352941176473
FL22,Fall,2022,22,2,4,720,2022-10-03T00:00:00Z,Scallop Sea,19,0.4,,,,,19,0.4
FL22,Fall,2022,25,2,1,381,2022-10-04T00:00:00Z,Scallop Sea,2,0.03,,,,,2.3529411764705883,0.03529411764705882
FL22,Fall,2022,28,2,4,627,2022-10-05T00:00:00Z,Scallop Sea,1,0.002,,,,,1,0.002
FL22,Fall,2022,39,3,1,79,2022-10-11T00:00:00Z,Scallop Sea,20,0.61,,,,,20,0.61
FL22,Fall,2022,45,3,4,737,2022-10-12T00:00:00Z,Scallop Sea,27,0.27,,,,,27,0.27
FL22,Fall,2022,46,3,4,759,2022-10-12T00:00:00Z,Scallop Sea,15,0.26,,,,,15,0.26
FL22,Fall,2022,47,3,4,786,2022-10-12T00:00:00Z,Scallop Sea,23,0.32,,,,,23,0.32
FL22,Fall,2022,53,4,4,674,2022-10-14T00:00:00Z,Scallop Sea,1,0.02,,,,,1,0.02
FL22,Fall,2022,54,4,4,676,2022-10-17T00:00:00Z,Scallop Sea,3,0.08,,,,,3,0.08
FL22,Fall,2022,55,4,4,693,2022-10-17T00:00:00Z,Scallop Sea,1,0.01,,,,,1,0.01
FL22,Fall,2022,56,4,3,514,2022-10-17T00:00:00Z,Scallop Sea,2,0.004,,,,,2.3529411764705883,0.004705882352941177
FL22,Fall,2022,63,4,3,550,2022-10-19T00:00:00Z,Scallop Sea,1,0.01,,,,,1,0.01
FL22,Fall,2022,82,5,3,216,2022-10-27T00:00:00Z,Scallop Sea,33,0.7000000000000001,,,,,33,0.7000000000000001
FL22,Fall,2022,83,5,2,141,2022-10-27T00:00:00Z,Scallop Sea,139,2.02,1.54,,,,154.44444444444446,2.2444444444444445
SP01,Spring,2001,1,1,1,529,2001-04-23T00:00:00Z,Scallop Sea,4,0.2,0,,,,4,0.2
SP01,Spring,2001,2,1,2,513,2001-04-23T00:00:00Z,Scallop Sea,8,0.4,0,,,,8,0.4
SP01,Spring,2001,4,1,1,417,2001-04-23T00:00:00Z,Scallop Sea,117,7.8,4.25,,,,117,7.8
SP01,Spring,2001,7,1,2,278,2001-04-25T00:00:00Z,Scallop Sea,2,0.05,0,,,,2.1052631578947367,0.05263157894736842
SP01,Spring,2001,9,1,3,268,2001-04-25T00:00:00Z,Scallop Sea,1,0.02,0,,,,1.1111111111111112,0.022222222222222223
SP01,Spring,2001,12,1,1,185,2001-04-26T00:00:00Z,Scallop Sea,1,0.01,0,,,,0.9523809523809524,0.009523809523809525
SP01,Spring,2001,17,1,3,96,2001-04-27T00:00:00Z,Scallop Sea,3,0.05,0,,,,3,0.05
SP01,Spring,2001,29,2,3,491,2001-05-01T00:00:00Z,Scallop Sea,9,0.4,0,,,,9,0.4
SP01,Spring,2001,30,2,3,441,2001-05-01T00:00:00Z,Scallop Sea,7,0.25,0,,,,7,0.25
SP01,Spring,2001,33,2,3,494,2001-05-02T00:00:00Z,Scallop Sea,68,2.6,0,,,,80,3.058823529411765
SP01,Spring,2001,39,2,3,201,2001-05-03T00:00:00Z,Scallop Sea,9,0.25,0,,,,8.571428571428571,0.2380952380952381
SP01,Spring,2001,42,2,3,173,2001-05-04T00:00:00Z,Scallop Sea,2,0.03,0,,,,2,0.03
SP01,Spring,2001,43,2,3,316,2001-05-04T00:00:00Z,Scallop Sea,309,11.700000000000001,0,,,,363.5294117647059,13.764705882352942
SP01,Spring,2001,49,3,2,126,2001-05-08T00:00:00Z,Scallop Sea,1,0.03,0,,,,1,0.03
SP01,Spring,2001,50,3,1,56,2001-05-08T00:00:00Z,Scallop Sea,2,0.15,0,,,,2.5,0.1875
SP01,Spring,2001,52,3,1,3,2001-05-08T00:00:00Z,Scallop Sea,7,0.2,0,,,,7,0.2
SP01,Spring,2001,55,3,3,844,2001-05-09T00:00:00Z,Scallop Sea,5,0.03,0,,,,6.25,0.0375
SP01,Spring,2001,56,3,3,836,2001-05-09T00:00:00Z,Scallop Sea,94,2.3000000000000003,0,,,,94,2.3000000000000003
SP01,Spring,2001,57,3,3,328,2001-05-10T00:00:00Z,Scallop Sea,1,0.05,0,,,,1.0526315789473684,0.05263157894736842
SP01,Spring,2001,58,3,3,259,2001-05-10T00:00:00Z,Scallop Sea,30,0.7000000000000001,0,,,,37.5,0.8750000000000001
SP01,Spring,2001,62,3,3,564,2001-05-11T00:00:00Z,Scallop Sea,224,6.5,0,,,,224,6.5
SP01,Spring,2001,63,3,3,387,2001-05-11T00:00:00Z,Scallop Sea,515,55.28,7.3,,,,515,55.28
SP01,Spring,2001,66,3,3,337,2001-05-14T00:00:00Z,Scallop Sea,22,1.1,0,,,,27.5,1.375
SP01,Spring,2001,67,4,3,495,2001-05-14T00:00:00Z,Scallop Sea,115,4.5,0,,,,115,4.5
SP01,Spring,2001,70,4,3,475,2001-05-15T00:00:00Z,Scallop Sea,65,2.5,0,,,,65,2.5
SP01,Spring,2001,71,4,3,521,2001-05-15T00:00:00Z,Scallop Sea,95,3.5,0,,,,95,3.5
SP01,Spring,2001,73,4,3,562,2001-05-15T00:00:00Z,Scallop Sea,124,4.3,0,,,,155,5.375
SP01,Spring,2001,76,4,3,432,2001-05-16T00:00:00Z,Scallop Sea,348,14,4.35,,,,348,14
SP01,Spring,2001,77,4,3,525,2001-05-16T00:00:00Z,Scallop Sea,218,9.5,5.4,,,,218,9.5
SP01,Spring,2001,84,4,2,142,2001-05-17T00:00:00Z,Scallop Sea,49,3.1,0,,,,46.66666666666667,2.9523809523809526
SP01,Spring,2001,85,4,3,273,2001-05-18T00:00:00Z,Scallop Sea,2,0.05,0,,,,2,0.05
SP01,Spring,2001,86,4,3,270,2001-05-18T00:00:00Z,Scallop Sea,114,2.2,0,,,,114,2.2
SP01,Spring,2001,87,4,2,130,2001-05-18T00:00:00Z,Scallop Sea,124,6.5,0,,,,124,6.5
SP01,Spring,2001,88,4,2,99,2001-05-18T00:00:00Z,Scallop Sea,5,0.25,0,,,,5,0.25
SP01,Spring,2001,90,5,2,534,2001-05-21T00:00:00Z,Scallop Sea,51,1,0,,,,51,1
SP01,Spring,2001,94,5,3,611,2001-05-22T00:00:00Z,Scallop Sea,138,4.8,0,,,,138,4.8
SP01,Spring,2001,96,5,3,569,2001-05-22T00:00:00Z,Scallop Sea,30,0.7000000000000001,0,,,,30,0.7000000000000001
SP01,Spring,2001,97,5,3,572,2001-05-22T00:00:00Z,Scallop Sea,44,1.3,0,,,,44,1.3
SP01,Spring,2001,98,5,2,369,2001-05-23T00:00:00Z,Scallop Sea,17,0.35000000000000003,0,,,,17,0.35000000000000003
SP01,Spring,2001,99,5,3,339,2001-05-23T00:00:00Z,Scallop Sea,1,0.35000000000000003,0,,,,1,0.35000000000000003
SP01,Spring,2001,100,5,2,223,2001-05-23T00:00:00Z,Scallop Sea,1,0.1,0,,,,1,0.1
SP01,Spring,2001,103,5,1,173,2001-05-23T00:00:00Z,Scallop Sea,6,0.15,0,,,,6.666666666666667,0.16666666666666666
SP01,Spring,2001,104,5,3,351,2001-05-24T00:00:00Z,Scallop Sea,5,0.6,0,,,,5,0.6
SP01,Spring,2001,107,5,3,64,2001-05-24T00:00:00Z,Scallop Sea,1,0.45,0,,,,1,0.45
SP02,Spring,2002,1,1,1,529,2002-05-06T00:00:00Z,Scallop Sea,37,2.1,0,,,,37,2.1
SP02,Spring,2002,3,1,2,495,2002-05-06T00:00:00Z,Scallop Sea,1,0.06,0,,,,1,0.06
SP02,Spring,2002,5,1,1,417,2002-05-07T00:00:00Z,Scallop Sea,77,1.12,0,,,,77,1.12
SP02,Spring,2002,6,1,3,451,2002-05-07T00:00:00Z,Scallop Sea,5,0.03,0,,,,5,0.03
SP02,Spring,2002,10,1,3,282,2002-05-08T00:00:00Z,Scallop Sea,2,0.05,0,,,,2,0.05
SP02,Spring,2002,12,1,1,246,2002-05-08T00:00:00Z,Scallop Sea,10,0.22,0,,,,10,0.22
SP02,Spring,2002,13,1,3,110,2002-05-09T00:00:00Z,Scallop Sea,4,0.26,0,,,,4,0.26
SP02,Spring,2002,25,2,3,484,2002-05-15T00:00:00Z,Scallop Sea,6,0.32,0,,,,6,0.32
SP02,Spring,2002,29,2,3,440,2002-05-16T00:00:00Z,Scallop Sea,11,0.6,0,,,,11,0.6
SP02,Spring,2002,36,2,3,206,2002-05-17T00:00:00Z,Scallop Sea,2,0.16,0,,,,2,0.16
SP02,Spring,2002,40,3,3,546,2002-05-21T00:00:00Z,Scallop Sea,83,7.5,0,,,,103.75,9.375
SP02,Spring,2002,46,3,1,27,2002-05-22T00:00:00Z,Scallop Sea,1,0.02,0,,,,1,0.02
SP02,Spring,2002,47,3,2,4,2002-05-22T00:00:00Z,Scallop Sea,1,0.02,0,,,,1,0.02
SP02,Spring,2002,48,3,2,53,2002-05-22T00:00:00Z,Scallop Sea,1,0.02,0,,,,1.25,0.025
SP02,Spring,2002,54,3,3,333,2002-05-25T00:00:00Z,Scallop Sea,26,2.48,0,,,,27.36842105263158,2.6105263157894734
SP02,Spring,2002,55,3,3,259,2002-05-25T00:00:00Z,Scallop Sea,27,1.72,0,,,,36,2.293333333333333
SP02,Spring,2002,61,4,3,580,2002-05-28T00:00:00Z,Scallop Sea,51,4.5200000000000005,0,,,,51,4.5200000000000005
SP02,Spring,2002,62,4,3,543,2002-05-28T00:00:00Z,Scallop Sea,188,10.620000000000001,0,,,,188,10.620000000000001
SP02,Spring,2002,63,4,3,495,2002-05-28T00:00:00Z,Scallop Sea,148,11.85,8.58,,,,148,11.85
SP02,Spring,2002,64,4,3,456,2002-05-28T00:00:00Z,Scallop Sea,434,30.400000000000002,7.42,,,,434,30.400000000000002
SP02,Spring,2002,70,4,3,383,2002-05-30T00:00:00Z,Scallop Sea,43,2.8000000000000003,0,,,,43,2.8000000000000003
SP02,Spring,2002,71,4,3,215,2002-05-30T00:00:00Z,Scallop Sea,152,8.72,0,,,,152,8.72
SP02,Spring,2002,78,5,3,620,2002-06-03T00:00:00Z,Scallop Sea,63,3.58,0,,,,63,3.58
SP02,Spring,2002,84,5,3,301,2002-06-04T00:00:00Z,Scallop Sea,12,0.6,0,,,,12,0.6
SP02,Spring,2002,86,5,2,180,2002-06-05T00:00:00Z,Scallop Sea,2,0.38,0,,,,2.2222222222222223,0.4222222222222222
SP02,Spring,2002,88,5,3,25,2002-06-06T00:00:00Z,Scallop Sea,1,0.34,0,,,,1,0.34
SP02,Spring,2002,92,5,3,220,2002-06-07T00:00:00Z,Scallop Sea,3,0.12,0,,,,3,0.12
SP03,Spring,2003,4,1,3,537,2003-05-05T00:00:00Z,Scallop Sea,1,0.5,0,,,,1,0.5
SP03,Spring,2003,6,1,4,707,2003-05-06T00:00:00Z,Scallop Sea,4,0.02,0,,,,4,0.02
SP03,Spring,2003,8,1,3,352,2003-05-06T00:00:00Z,Scallop Sea,1,0.03,0,,,,1,0.03
SP03,Spring,2003,9,1,2,392,2003-05-06T00:00:00Z,Scallop Sea,1,0.01,0,,,,1.1764705882352942,0.011764705882352941
SP03,Spring,2003,11,1,4,640,2003-05-07T00:00:00Z,Scallop Sea,1,0.01,0,,,,1,0.01
SP03,Spring,2003,13,1,4,604,2003-05-08T00:00:00Z,Scallop Sea,4,0.22,0,,,,4,0.22
SP03,Spring,2003,15,1,3,94,2003-05-08T00:00:00Z,Scallop Sea,1,0.02,0,,,,1,0.02
SP03,Spring,2003,23,2,4,768,2003-05-12T00:00:00Z,Scallop Sea,51,1.6600000000000001,0,,,,51,1.6600000000000001
SP03,Spring,2003,34,2,3,284,2003-05-15T00:00:00Z,Scallop Sea,25,2.19,0,,,,50,4.38
SP03,Spring,2003,35,2,4,620,2003-05-15T00:00:00Z,Scallop Sea,4,0.1,0,,,,4,0.1
SP03,Spring,2003,36,2,4,583,2003-05-15T00:00:00Z,Scallop Sea,55,1.99,0,,,,64.70588235294117,2.3411764705882354
SP03,Spring,2003,39,2,3,171,2003-05-16T00:00:00Z,Scallop Sea,8,0.58,0,,,,8,0.58
SP03,Spring,2003,40,2,3,201,2003-05-16T00:00:00Z,Scallop Sea,3,0.25,0,,,,3,0.25
SP03,Spring,2003,50,3,1,23,2003-05-20T00:00:00Z,Scallop Sea,6,0.14,0,,,,6,0.14
SP03,Spring,2003,51,3,1,58,2003-05-20T00:00:00Z,Scallop Sea,14,0.28,0.1,,,,18.666666666666664,0.37333333333333335
SP03,Spring,2003,53,3,4,830,2003-05-20T00:00:00Z,Scallop Sea,2,0.12,0,,,,2,0.12
SP03,Spring,2003,56,3,3,388,2003-05-22T00:00:00Z,Scallop Sea,14,0.64,0,,,,14,0.64
SP03,Spring,2003,65,4,3,571,2003-05-27T00:00:00Z,Scallop Sea,2,0.2,0,,,,2.2222222222222223,0.22222222222222224
SP03,Spring,2003,66,4,4,575,2003-05-27T00:00:00Z,Scallop Sea,6,0.44,0,,,,6,0.44
SP03,Spring,2003,67,4,3,562,2003-05-27T00:00:00Z,Scallop Sea,13,0.8300000000000001,0,,,,14.444444444444445,0.9222222222222224
SP03,Spring,2003,68,4,4,648,2003-05-28T00:00:00Z,Scallop Sea,3,0.14,0,,,,3,0.14
SP03,Spring,2003,69,4,3,430,2003-05-28T00:00:00Z,Scallop Sea,11,0.6,0,,,,11,0.6
SP03,Spring,2003,81,4,3,215,2003-05-30T00:00:00Z,Scallop Sea,8,0.4,0,,,,8,0.4
SP03,Spring,2003,84,5,3,561,2003-06-02T00:00:00Z,Scallop Sea,1,0.04,0,,,,1.1111111111111112,0.044444444444444446
SP03,Spring,2003,89,5,3,587,2003-06-03T00:00:00Z,Scallop Sea,8,0.5,0,,,,8,0.5
SP03,Spring,2003,95,5,3,301,2003-06-05T00:00:00Z,Scallop Sea,5,0.32,0,,,,5,0.32
SP04,Spring,2004,5,1,4,727,2004-05-04T00:00:00Z,Scallop Sea,2,0.54,,,,,1.9047619047619049,0.5142857142857143
SP04,Spring,2004,12,1,3,280,2004-05-05T00:00:00Z,Scallop Sea,1,0.04,,,,,1.4285714285714284,0.057142857142857134
SP04,Spring,2004,16,1,4,620,2004-05-06T00:00:00Z,Scallop Sea,9,0.22,,,,,10.588235294117647,0.25882352941176473
SP04,Spring,2004,21,1,1,5,2004-05-07T00:00:00Z,Scallop Sea,1,0.46,,,,,1,0.46
SP04,Spring,2004,28,2,4,738,2004-05-11T00:00:00Z,Scallop Sea,5,0.28,,,,,5,0.28
SP04,Spring,2004,30,2,4,710,2004-05-11T00:00:00Z,Scallop Sea,15,0.62,,,,,15,0.62
SP04,Spring,2004,31,2,4,533,2004-05-11T00:00:00Z,Scallop Sea,1,0.02,,,,,1,0.02
SP04,Spring,2004,41,2,3,175,2004-05-14T00:00:00Z,Scallop Sea,1,0.04,,,,,1,0.04
SP04,Spring,2004,43,2,3,140,2004-05-14T00:00:00Z,Scallop Sea,1,0.1,,,,,1,0.1
SP04,Spring,2004,52,3,1,23,2004-05-19T00:00:00Z,Scallop Sea,5,0.06,,,,,10,0.12
SP04,Spring,2004,58,3,3,618,2004-05-20T00:00:00Z,Scallop Sea,4,0.54,,,,,4,0.54
SP04,Spring,2004,64,3,3,539,2004-05-21T00:00:00Z,Scallop Sea,2,0.18,,,,,2.3529411764705883,0.21176470588235294
SP04,Spring,2004,68,4,3,590,2004-05-24T00:00:00Z,Scallop Sea,6,0.22,,,,,6,0.22
SP04,Spring,2004,69,4,3,577,2004-05-25T00:00:00Z,Scallop Sea,3,0.22,,,,,3,0.22
SP04,Spring,2004,78,4,3,170,2004-05-27T00:00:00Z,Scallop Sea,2,0.16,,,,,2,0.16
SP04,Spring,2004,79,4,3,297,2004-05-27T00:00:00Z,Scallop Sea,9,0.56,,,,,9,0.56
SP04,Spring,2004,90,5,2,437,2004-06-01T00:00:00Z,Scallop Sea,1,0.2,,,,,1,0.2
SP04,Spring,2004,98,5,3,339,2004-06-07T00:00:00Z,Scallop Sea,1,0.005,,,,,1,0.005
SP04,Spring,2004,100,5,2,159,2004-06-07T00:00:00Z,Scallop Sea,2,0.44,,,,,2,0.44
SP04,Spring,2004,102,5,2,43,2004-06-08T00:00:00Z,Scallop Sea,1,0.29,,,,,1,0.29
SP04,Spring,2004,103,5,3,30,2004-06-08T00:00:00Z,Scallop Sea,2,0.8200000000000001,,,,,2,0.8200000000000001
SP05,Spring,2005,4,1,1,416,2005-05-02T00:00:00Z,Scallop Sea,5,0.18,0,,,,5,0.18
SP05,Spring,2005,17,1,1,35,2005-05-05T00:00:00Z,Scallop Sea,1,0.01,0,,,,1.3333333333333333,0.013333333333333332
SP05,Spring,2005,21,2,4,736,2005-05-10T00:00:00Z,Scallop Sea,3,0.12,0,,,,3,0.12
SP05,Spring,2005,40,2,4,576,2005-05-14T00:00:00Z,Scallop Sea,9,0.99,0,,,,9,0.99
SP05,Spring,2005,53,3,3,547,2005-05-18T00:00:00Z,Scallop Sea,1,0.02,0,,,,1,0.02
SP05,Spring,2005,57,3,3,539,2005-05-19T00:00:00Z,Scallop Sea,1,0.02,0,,,,1.1111111111111112,0.022222222222222223
SP05,Spring,2005,65,4,3,474,2005-05-30T00:00:00Z,Scallop Sea,3,0.2,0,,,,3,0.2
SP05,Spring,2005,66,4,3,560,2005-05-30T00:00:00Z,Scallop Sea,2,0.16,0,,,,2.6666666666666665,0.21333333333333332
SP05,Spring,2005,70,4,3,483,2005-05-31T00:00:00Z,Scallop Sea,1,0.01,0,,,,1,0.01
SP05,Spring,2005,78,4,3,270,2005-06-02T00:00:00Z,Scallop Sea,2,0.06,0,,,,2,0.06
SP05,Spring,2005,79,5,3,629,2005-06-02T00:00:00Z,Scallop Sea,1,0.01,0,,,,1,0.01
SP05,Spring,2005,89,5,3,584,2005-06-07T00:00:00Z,Scallop Sea,1,0.01,0,,,,1,0.01
SP05,Spring,2005,91,5,2,466,2005-06-07T00:00:00Z,Scallop Sea,1,0.28,0,,,,1,0.28
SP05,Spring,2005,101,5,2,87,2005-06-09T00:00:00Z,Scallop Sea,2,0.56,0,,,,2.1052631578947367,0.5894736842105264
SP06,Spring,2006,12,1,4,666,2006-05-04T00:00:00Z,Scallop Sea,3,0.07,0,,,,3,0.07
SP06,Spring,2006,19,1,4,581,2006-05-05T00:00:00Z,Scallop Sea,1,0,0,,,,1,0
SP06,Spring,2006,40,2,3,200,2006-05-11T00:00:00Z,Scallop Sea,4,0.3,0,,,,4,0.3
SP06,Spring,2006,61,3,4,673,2006-05-17T00:00:00Z,Scallop Sea,1,0.09,0,,,,1,0.09
SP06,Spring,2006,64,3,3,416,2006-05-18T00:00:00Z,Scallop Sea,1,0,0,,,,0.9523809523809524,0
SP06,Spring,2006,74,4,3,544,2006-05-23T00:00:00Z,Scallop Sea,2,0.18,0,,,,2,0.18
SP06,Spring,2006,77,4,3,483,2006-05-23T00:00:00Z,Scallop Sea,1,0.01,0,,,,1,0.01
SP06,Spring,2006,86,4,3,384,2006-05-25T00:00:00Z,Scallop Sea,1,0.16,0,,,,1,0.16
SP06,Spring,2006,104,5,3,53,2006-06-03T00:00:00Z,Scallop Sea,1,0.01,0,,,,1.1111111111111112,0.011111111111111112
SP06,Spring,2006,107,5,3,225,2006-06-05T00:00:00Z,Scallop Sea,6,0.08,0,,,,6,0.08
SP07,Spring,2007,8,1,4,686,2007-05-08T00:00:00Z,Scallop Sea,1,0.01,0,,,,1,0.01
SP07,Spring,2007,11,1,2,327,2007-05-09T00:00:00Z,Scallop Sea,2,0,0,,,,2,0
SP07,Spring,2007,27,2,3,525,2007-05-14T00:00:00Z,Scallop Sea,1,0.06,0,,,,0.9090909090909091,0.05454545454545454
SP07,Spring,2007,29,2,1,392,2007-05-14T00:00:00Z,Scallop Sea,1,0.48,0,,,,1.3333333333333333,0.6399999999999999
SP07,Spring,2007,33,2,4,648,2007-05-15T00:00:00Z,Scallop Sea,4,0.04,0,,,,4,0.04
SP07,Spring,2007,35,2,4,695,2007-05-16T00:00:00Z,Scallop Sea,2,0.03,0,,,,2,0.03
SP07,Spring,2007,36,2,4,649,2007-05-16T00:00:00Z,Scallop Sea,1,0.01,0,,,,1.1111111111111112,0.011111111111111112
SP07,Spring,2007,47,3,3,592,2007-05-21T00:00:00Z,Scallop Sea,1,0,0,,,,1,0
SP07,Spring,2007,55,3,4,832,2007-05-23T00:00:00Z,Scallop Sea,27,0.18,0,,,,27,0.18
SP07,Spring,2007,57,3,4,866,2007-05-23T00:00:00Z,Scallop Sea,2,0.03,0,,,,2,0.03
SP07,Spring,2007,60,3,3,331,2007-05-24T00:00:00Z,Scallop Sea,1,0,0,,,,1,0
SP07,Spring,2007,62,3,3,388,2007-05-24T00:00:00Z,Scallop Sea,8,0.07,0,,,,8.88888888888889,0.07777777777777779
SP07,Spring,2007,63,3,4,736,2007-05-24T00:00:00Z,Scallop Sea,16,0.1,0,,,,16.842105263157894,0.10526315789473684
SP07,Spring,2007,67,3,1,27,2007-05-25T00:00:00Z,Scallop Sea,8,0.14,0,,,,10.666666666666666,0.18666666666666668
SP07,Spring,2007,71,4,3,574,2007-05-28T00:00:00Z,Scallop Sea,30,0.4,0,,,,30,0.4
SP07,Spring,2007,72,4,4,722,2007-05-29T00:00:00Z,Scallop Sea,1,0.01,0,,,,1,0.01
SP07,Spring,2007,75,4,3,477,2007-05-29T00:00:00Z,Scallop Sea,35,0.58,0,,,,35,0.58
SP07,Spring,2007,76,4,1,84,2007-05-30T00:00:00Z,Scallop Sea,1,0.03,0,,,,1,0.03
SP07,Spring,2007,77,4,1,39,2007-05-30T00:00:00Z,Scallop Sea,1,0.05,0,,,,1,0.05
SP07,Spring,2007,81,4,3,352,2007-06-03T00:00:00Z,Scallop Sea,1,0.01,0,,,,1,0.01
SP07,Spring,2007,94,5,3,519,2007-06-06T00:00:00Z,Scallop Sea,6,0.03,0,,,,6,0.03
SP07,Spring,2007,95,5,3,443,2007-06-07T00:00:00Z,Scallop Sea,1,0.48,0,,,,1,0.48
SP07,Spring,2007,100,5,3,339,2007-06-07T00:00:00Z,Scallop Sea,1,0,0,,,,1,0
SP07,Spring,2007,101,5,3,11,2007-06-08T00:00:00Z,Scallop Sea,1,0,0,,,,1,0
SP07,Spring,2007,102,5,2,28,2007-06-08T00:00:00Z,Scallop Sea,1,0.36,0,,,,1,0.36
SP07,Spring,2007,104,5,3,79,2007-06-08T00:00:00Z,Scallop Sea,2,0,0,,,,2.1052631578947367,0
SP07,Spring,2007,107,5,2,190,2007-06-09T00:00:00Z,Scallop Sea,5,1.96,0,,,,5,1.96
SP08,Spring,2008,5,1,1,555,2008-05-06T00:00:00Z,Scallop Sea,73,1.54,0,,,,73,1.54
SP08,Spring,2008,6,1,3,604,2008-05-06T00:00:00Z,Scallop Sea,9,0.21,0,,,,10.588235294117647,0.24705882352941178
SP08,Spring,2008,12,1,4,317,2008-05-07T00:00:00Z,Scallop Sea,1,0.01,0,,,,1,0.01
SP08,Spring,2008,13,1,4,392,2008-05-07T00:00:00Z,Scallop Sea,2,0.02,0,,,,2,0.02
SP08,Spring,2008,18,1,3,273,2008-05-08T00:00:00Z,Scallop Sea,1,0.01,0,,,,1.8181818181818181,0.01818181818181818
SP08,Spring,2008,28,2,4,730,2008-05-13T00:00:00Z,Scallop Sea,2,0.02,0,,,,2,0.02
SP08,Spring,2008,29,2,4,706,2008-05-13T00:00:00Z,Scallop Sea,1,0.02,0,,,,1,0.02
SP08,Spring,2008,32,2,3,541,2008-05-13T00:00:00Z,Scallop Sea,5,0.1,0,,,,5,0.1
SP08,Spring,2008,33,2,3,473,2008-05-14T00:00:00Z,Scallop Sea,1,0.02,0,,,,1.1764705882352942,0.023529411764705882
SP08,Spring,2008,43,2,3,279,2008-05-16T00:00:00Z,Scallop Sea,2,0.43,0,,,,2.3529411764705883,0.5058823529411764
SP08,Spring,2008,44,2,4,397,2008-05-16T00:00:00Z,Scallop Sea,7,0.12,0,,,,7.777777777777779,0.13333333333333333
SP08,Spring,2008,46,2,4,515,2008-05-16T00:00:00Z,Scallop Sea,2,0.03,0,,,,2.2222222222222223,0.03333333333333333
SP08,Spring,2008,51,3,1,65,2008-05-20T00:00:00Z,Scallop Sea,38,1.32,0,,,,54.28571428571428,1.8857142857142855
SP08,Spring,2008,56,3,4,706,2008-05-21T00:00:00Z,Scallop Sea,13,0.17,0,,,,13,0.17
SP08,Spring,2008,59,3,3,557,2008-05-22T00:00:00Z,Scallop Sea,45,0.59,0,,,,45,0.59
SP08,Spring,2008,60,3,3,383,2008-05-22T00:00:00Z,Scallop Sea,66,0.9400000000000001,0,,,,66,0.9400000000000001
SP08,Spring,2008,64,3,1,16,2008-05-23T00:00:00Z,Scallop Sea,5,0.28,0,,,,6.25,0.35000000000000003
SP08,Spring,2008,72,4,1,24,2008-05-27T00:00:00Z,Scallop Sea,10,0.56,0,,,,10,0.56
SP08,Spring,2008,73,4,1,64,2008-05-27T00:00:00Z,Scallop Sea,3,0.12,0,,,,3,0.12
SP08,Spring,2008,75,4,3,653,2008-05-28T00:00:00Z,Scallop Sea,76,2.12,0,,,,76,2.12
SP08,Spring,2008,76,4,3,542,2008-05-28T00:00:00Z,Scallop Sea,62,1.56,0,,,,62,1.56
SP08,Spring,2008,78,4,4,577,2008-05-28T00:00:00Z,Scallop Sea,1,0.01,0,,,,1,0.01
SP08,Spring,2008,79,4,3,495,2008-05-28T00:00:00Z,Scallop Sea,121,1.78,0,,,,121,1.78
SP08,Spring,2008,80,4,2,217,2008-05-28T00:00:00Z,Scallop Sea,3,0.04,0,,,,3,0.04
SP08,Spring,2008,81,4,3,414,2008-05-29T00:00:00Z,Scallop Sea,8,0.04,0,,,,8,0.04
SP08,Spring,2008,83,4,4,331,2008-05-29T00:00:00Z,Scallop Sea,17,0.12,0,,,,17,0.12
SP08,Spring,2008,84,4,3,303,2008-05-29T00:00:00Z,Scallop Sea,2,0.01,0,,,,2,0.01
SP08,Spring,2008,85,4,3,223,2008-05-29T00:00:00Z,Scallop Sea,11,0.1,0,,,,11,0.1
SP08,Spring,2008,92,5,2,606,2008-06-02T00:00:00Z,Scallop Sea,1,0.01,0,,,,1,0.01
SP08,Spring,2008,93,5,3,634,2008-06-02T00:00:00Z,Scallop Sea,43,0.39,0,,,,43,0.39
SP08,Spring,2008,94,5,3,555,2008-06-02T00:00:00Z,Scallop Sea,15,0.12,0,,,,15,0.12
SP08,Spring,2008,95,5,4,662,2008-06-03T00:00:00Z,Scallop Sea,3,0.02,0,,,,3,0.02
SP08,Spring,2008,100,5,3,589,2008-06-03T00:00:00Z,Scallop Sea,34,0.24,0,,,,34,0.24
SP08,Spring,2008,101,5,3,527,2008-06-04T00:00:00Z,Scallop Sea,4,0.03,0,,,,4.444444444444445,0.03333333333333333
SP08,Spring,2008,102,5,3,333,2008-06-04T00:00:00Z,Scallop Sea,16,0.12,0,,,,16,0.12
SP08,Spring,2008,103,5,2,364,2008-06-04T00:00:00Z,Scallop Sea,3,0.01,0,,,,3,0.01
SP08,Spring,2008,106,5,2,89,2008-06-05T00:00:00Z,Scallop Sea,3,0.46,0,,,,3,0.46
SP08,Spring,2008,108,5,3,90,2008-06-05T00:00:00Z,Scallop Sea,1,0.46,0,,,,1,0.46
SP08,Spring,2008,109,5,2,29,2008-06-06T00:00:00Z,Scallop Sea,3,1.28,0,,,,3,1.28
SP08,Spring,2008,112,5,3,49,2008-06-06T00:00:00Z,Scallop Sea,4,0.02,0,,,,4,0.02
SP09,Spring,2009,2,1,2,675,2009-05-04T00:00:00Z,Scallop Sea,1,0.34,0,,,,1,0.34
SP09,Spring,2009,17,1,4,319,2009-05-07T00:00:00Z,Scallop Sea,1,0.016,0,,,,1,0.016
SP09,Spring,2009,20,1,4,70,2009-05-08T00:00:00Z,Scallop Sea,1,0.03,0,,,,1,0.03
SP09,Spring,2009,26,2,4,668,2009-05-11T00:00:00Z,Scallop Sea,2,0.07,0,,,,2,0.07
SP09,Spring,2009,36,2,4,652,2009-05-13T00:00:00Z,Scallop Sea,5,0.08,0,,,,5,0.08
SP09,Spring,2009,38,2,3,507,2009-05-13T00:00:00Z,Scallop Sea,1,0.04,0,,,,1,0.04
SP09,Spring,2009,43,2,4,397,2009-05-14T00:00:00Z,Scallop Sea,4,0.05,0,,,,4,0.05
SP09,Spring,2009,48,3,3,569,2009-05-18T00:00:00Z,Scallop Sea,5,0.16,0,,,,5,0.16
SP09,Spring,2009,59,3,4,783,2009-05-20T00:00:00Z,Scallop Sea,1,0.04,0,,,,1,0.04
SP09,Spring,2009,63,3,3,557,2009-05-21T00:00:00Z,Scallop Sea,9,0.24,0,,,,9,0.24
SP09,Spring,2009,66,3,3,293,2009-05-21T00:00:00Z,Scallop Sea,4,0.22,0,,,,4,0.22
SP09,Spring,2009,67,3,1,40,2009-05-22T00:00:00Z,Scallop Sea,1,0.01,0,,,,1,0.01
SP09,Spring,2009,70,4,3,631,2009-05-25T00:00:00Z,Scallop Sea,66,1.4000000000000001,0,,,,66,1.4000000000000001
SP09,Spring,2009,74,4,4,638,2009-05-26T00:00:00Z,Scallop Sea,2,0.06,0,,,,2,0.06
SP09,Spring,2009,75,4,4,597,2009-05-26T00:00:00Z,Scallop Sea,5,0.12,0,,,,5,0.12
SP09,Spring,2009,76,4,3,548,2009-05-26T00:00:00Z,Scallop Sea,110,1.6600000000000001,0,,,,110,1.6600000000000001
SP09,Spring,2009,77,4,3,497,2009-05-26T00:00:00Z,Scallop Sea,4,0.04,0,,,,4,0.04
SP09,Spring,2009,79,4,3,266,2009-05-27T00:00:00Z,Scallop Sea,2,0.01,0,,,,2,0.01
SP09,Spring,2009,83,4,3,423,2009-05-28T00:00:00Z,Scallop Sea,1,0.03,0,,,,1.0526315789473684,0.03157894736842105
SP09,Spring,2009,85,4,4,389,2009-05-29T00:00:00Z,Scallop Sea,6,0.15,0,,,,6.666666666666667,0.16666666666666666
SP09,Spring,2009,86,4,3,298,2009-05-29T00:00:00Z,Scallop Sea,40,0.68,0,,,,40,0.68
SP09,Spring,2009,92,5,4,700,2009-06-01T00:00:00Z,Scallop Sea,52,0.32,0,,,,52,0.32
SP09,Spring,2009,93,5,3,634,2009-06-01T00:00:00Z,Scallop Sea,18,0.16,0,,,,18,0.16
SP09,Spring,2009,94,5,3,636,2009-06-01T00:00:00Z,Scallop Sea,11,0.12,0,,,,11,0.12
SP09,Spring,2009,96,5,3,401,2009-06-02T00:00:00Z,Scallop Sea,4,0.08,0,,,,4,0.08
SP09,Spring,2009,100,5,3,349,2009-06-03T00:00:00Z,Scallop Sea,20,0.72,0,,,,20,0.72
SP09,Spring,2009,101,5,2,190,2009-06-03T00:00:00Z,Scallop Sea,1,0.006,0,,,,1.4285714285714284,0.00857142857142857
SP09,Spring,2009,102,5,2,231,2009-06-03T00:00:00Z,Scallop Sea,89,1.92,0,,,,93.68421052631578,2.021052631578947
SP09,Spring,2009,103,5,4,503,2009-06-03T00:00:00Z,Scallop Sea,3,0.02,0,,,,3,0.02
SP09,Spring,2009,106,5,3,56,2009-06-04T00:00:00Z,Scallop Sea,1,0.46,0,,,,1,0.46
SP09,Spring,2009,108,5,3,24,2009-06-04T00:00:00Z,Scallop Sea,1,0.4,0,,,,1,0.4
SP09,Spring,2009,109,5,1,43,2009-06-04T00:00:00Z,Scallop Sea,1,0.003,0,,,,1,0.003
SP09,Spring,2009,112,5,3,244,2009-06-05T00:00:00Z,Scallop Sea,1,0.004,0,,,,1.0526315789473684,0.004210526315789474
SP10,Spring,2010,2,1,3,504,2010-05-03T00:00:00Z,Scallop Sea,1,0.02,0,,,,1,0.02
SP10,Spring,2010,3,1,1,554,2010-05-03T00:00:00Z,Scallop Sea,59,1.26,0,,,,59,1.26
SP10,Spring,2010,4,1,2,674,2010-05-03T00:00:00Z,Scallop Sea,4,0.06,0,,,,4,0.06
SP10,Spring,2010,6,1,4,508,2010-05-04T00:00:00Z,Scallop Sea,1,0.006,0,,,,1,0.006
SP10,Spring,2010,8,1,4,371,2010-05-04T00:00:00Z,Scallop Sea,1,0.04,0,,,,1.1111111111111112,0.044444444444444446
SP10,Spring,2010,14,1,3,144,2010-05-05T00:00:00Z,Scallop Sea,1,0.01,0,,,,1,0.01
SP10,Spring,2010,19,1,4,94,2010-05-06T00:00:00Z,Scallop Sea,2,0.06,0,,,,2,0.06
SP10,Spring,2010,36,2,4,652,2010-05-12T00:00:00Z,Scallop Sea,2,0.09,0,,,,2,0.09
SP10,Spring,2010,39,2,1,16,2010-05-13T00:00:00Z,Scallop Sea,1,0.001,0,,,,1,0.001
SP10,Spring,2010,46,2,4,357,2010-05-14T00:00:00Z,Scallop Sea,8,0.36,0,,,,8,0.36
SP10,Spring,2010,47,2,4,396,2010-05-14T00:00:00Z,Scallop Sea,5,0.07,0,,,,5,0.07
SP10,Spring,2010,55,3,4,705,2010-05-18T00:00:00Z,Scallop Sea,2,0.05,0,,,,2,0.05
SP10,Spring,2010,56,3,4,741,2010-05-18T00:00:00Z,Scallop Sea,4,0.12,0,,,,4,0.12
SP10,Spring,2010,62,3,1,64,2010-05-19T00:00:00Z,Scallop Sea,26,0.26,0,,,,26,0.26
SP10,Spring,2010,64,3,4,561,2010-05-20T00:00:00Z,Scallop Sea,1,0.03,0,,,,1,0.03
SP10,Spring,2010,65,3,3,427,2010-05-20T00:00:00Z,Scallop Sea,2,0.01,0,,,,2.8571428571428568,0.014285714285714284
SP10,Spring,2010,66,3,3,382,2010-05-20T00:00:00Z,Scallop Sea,8,0.36,0,,,,8,0.36
SP10,Spring,2010,67,3,3,364,2010-05-20T00:00:00Z,Scallop Sea,12,0.5,0,,,,12,0.5
SP10,Spring,2010,69,3,3,293,2010-05-21T00:00:00Z,Scallop Sea,2,0.05,0,,,,2,0.05
SP10,Spring,2010,72,4,3,610,2010-05-24T00:00:00Z,Scallop Sea,15,0.6,0,,,,15,0.6
SP10,Spring,2010,73,4,4,687,2010-05-24T00:00:00Z,Scallop Sea,1,0.08,0,,,,1.1111111111111112,0.08888888888888889
SP10,Spring,2010,74,4,3,614,2010-05-24T00:00:00Z,Scallop Sea,7,0.06,0,,,,7,0.06
SP10,Spring,2010,82,4,3,496,2010-05-26T00:00:00Z,Scallop Sea,10,0.15,0,,,,10,0.15
SP10,Spring,2010,83,4,4,596,2010-05-26T00:00:00Z,Scallop Sea,25,0.28,0,,,,25,0.28
SP10,Spring,2010,86,4,3,414,2010-05-26T00:00:00Z,Scallop Sea,1,0.002,0,,,,1,0.002
SP10,Spring,2010,88,4,3,298,2010-05-27T00:00:00Z,Scallop Sea,10,0.24,0,,,,10,0.24
SP10,Spring,2010,89,4,4,327,2010-05-27T00:00:00Z,Scallop Sea,9,0.17,0,,,,9,0.17
SP10,Spring,2010,90,4,3,201,2010-05-27T00:00:00Z,Scallop Icelandic Sea,1,0.008,0,,,,1,0.008
SP10,Spring,2010,90,4,3,201,2010-05-27T00:00:00Z,Scallop Sea,1,0.005,0,,,,1,0.005
SP10,Spring,2010,97,5,3,654,2010-05-31T00:00:00Z,Scallop Icelandic Sea,1,0.01,0,,,,1,0.01
SP10,Spring,2010,97,5,3,654,2010-05-31T00:00:00Z,Scallop Sea,30,0.22,0,,,,30,0.22
SP10,Spring,2010,102,5,3,557,2010-06-01T00:00:00Z,Scallop Sea,631,5.5600000000000005,0.96,,,,631,5.5600000000000005
SP10,Spring,2010,103,5,4,639,2010-06-02T00:00:00Z,Scallop Sea,74,0.54,0,,,,74,0.54
SP10,Spring,2010,106,5,4,643,2010-06-02T00:00:00Z,Scallop Sea,6,0.02,0,,,,6,0.02
SP10,Spring,2010,107,5,3,529,2010-06-02T00:00:00Z,Scallop Sea,145,0.46,0,,,,145,0.46
SP10,Spring,2010,108,5,2,459,2010-06-02T00:00:00Z,Scallop Sea,25,0.08,0,,,,27.77777777777778,0.08888888888888889
SP10,Spring,2010,109,5,1,206,2010-06-03T00:00:00Z,Scallop Sea,5,0.02,0,,,,5,0.02
SP10,Spring,2010,110,5,2,226,2010-06-03T00:00:00Z,Scallop Sea,1,0.008,0,,,,1,0.008
SP10,Spring,2010,111,5,2,251,2010-06-03T00:00:00Z,Scallop Sea,160,1.8,0,,,,160,1.8
SP10,Spring,2010,112,5,3,142,2010-06-03T00:00:00Z,Scallop Sea,100,1.6,0,,,,100,1.6
SP10,Spring,2010,114,5,1,86,2010-06-03T00:00:00Z,Scallop Sea,1,0.005,0,,,,1,0.005
SP10,Spring,2010,116,5,3,76,2010-06-04T00:00:00Z,Scallop Sea,15,0.03,0,,,,15,0.03
SP10,Spring,2010,117,5,3,94,2010-06-04T00:00:00Z,Scallop Sea,4,0.003,0,,,,4,0.003
SP11,Spring,2011,1,1,1,572,2011-05-02T00:00:00Z,Scallop Sea,2,0.01,,,,,2.1052631578947367,0.010526315789473684
SP11,Spring,2011,4,1,4,664,2011-05-02T00:00:00Z,Scallop Sea,1,0.01,,,,,1,0.01
SP11,Spring,2011,5,1,3,622,2011-05-02T00:00:00Z,Scallop Sea,2,0.02,,,,,2,0.02
SP11,Spring,2011,8,1,3,452,2011-05-03T00:00:00Z,Scallop Sea,1,0.01,,,,,1,0.01
SP11,Spring,2011,11,1,4,333,2011-05-03T00:00:00Z,Scallop Sea,6,0.15,,,,,6,0.15
SP11,Spring,2011,12,1,4,428,2011-05-03T00:00:00Z,Scallop Sea,3,0.015000000000000001,,,,,3,0.015000000000000001
SP11,Spring,2011,13,1,4,510,2011-05-03T00:00:00Z,Scallop Sea,1,0.008,,,,,1,0.008
SP11,Spring,2011,14,1,1,323,2011-05-04T00:00:00Z,Scallop Sea,1,0.01,,,,,1,0.01
SP11,Spring,2011,18,1,4,191,2011-05-05T00:00:00Z,Scallop Sea,9,0.14,,,,,9,0.14
SP11,Spring,2011,20,1,4,58,2011-05-05T00:00:00Z,Scallop Sea,3,0.08,,,,,3,0.08
SP11,Spring,2011,30,2,4,705,2011-05-11T00:00:00Z,Scallop Sea,2,0.03,,,,,2,0.03
SP11,Spring,2011,31,2,4,689,2011-05-11T00:00:00Z,Scallop Sea,4,0.06,,,,,4,0.06
SP11,Spring,2011,32,2,4,641,2011-05-11T00:00:00Z,Scallop Sea,4,0.19,,,,,4,0.19
SP11,Spring,2011,42,2,4,440,2011-05-13T00:00:00Z,Scallop Sea,1,0.004,,,,,1,0.004
SP11,Spring,2011,43,2,4,397,2011-05-13T00:00:00Z,Scallop Sea,2,0.04,,,,,2,0.04
SP11,Spring,2011,51,3,2,13,2011-05-17T00:00:00Z,Scallop Sea,19,0.26,,,,,19,0.26
SP11,Spring,2011,52,3,1,40,2011-05-17T00:00:00Z,Scallop Sea,23,0.64,,,,,23,0.64
SP11,Spring,2011,53,3,1,75,2011-05-17T00:00:00Z,Scallop Sea,4,0.12,,,,,4,0.12
SP11,Spring,2011,61,3,4,782,2011-05-18T00:00:00Z,Scallop Sea,1,0.02,,,,,1,0.02
SP11,Spring,2011,62,3,4,664,2011-05-18T00:00:00Z,Scallop Sea,2,0.12,,,,,2,0.12
SP11,Spring,2011,64,3,3,557,2011-05-19T00:00:00Z,Scallop Sea,3,0.13,,,,,3.75,0.1625
SP11,Spring,2011,66,3,4,509,2011-05-19T00:00:00Z,Scallop Sea,1,0.01,,,,,1.3333333333333333,0.013333333333333332
SP11,Spring,2011,67,3,3,427,2011-05-19T00:00:00Z,Scallop Sea,1,0.02,,,,,1.25,0.025
SP11,Spring,2011,72,4,3,610,2011-05-23T00:00:00Z,Scallop Sea,2,0.12,,,,,2,0.12
SP11,Spring,2011,73,4,3,543,2011-05-23T00:00:00Z,Scallop Sea,1,0.02,,,,,1,0.02
SP11,Spring,2011,74,4,3,490,2011-05-23T00:00:00Z,Scallop Sea,1,0.04,,,,,1.0526315789473684,0.042105263157894736
SP11,Spring,2011,77,4,1,64,2011-05-24T00:00:00Z,Scallop Sea,14,0.46,,,,,16.47058823529412,0.5411764705882354
SP11,Spring,2011,78,4,1,128,2011-05-24T00:00:00Z,Scallop Sea,7,0.2,,,,,14,0.4
SP11,Spring,2011,80,4,4,640,2011-05-25T00:00:00Z,Scallop Sea,4,0.09,,,,,3.8095238095238098,0.08571428571428572
SP11,Spring,2011,82,4,4,577,2011-05-25T00:00:00Z,Scallop Sea,1,0.02,,,,,1.1764705882352942,0.023529411764705882
SP11,Spring,2011,84,4,3,465,2011-05-25T00:00:00Z,Scallop Sea,1,0.02,,,,,1,0.02
SP11,Spring,2011,91,4,3,298,2011-05-27T00:00:00Z,Scallop Sea,2,0.1,,,,,2,0.1
SP11,Spring,2011,96,5,3,655,2011-05-30T00:00:00Z,Scallop Sea,3,0.04,,,,,3,0.04
SP11,Spring,2011,97,5,4,719,2011-05-30T00:00:00Z,Scallop Sea,2,0.03,,,,,2,0.03
SP11,Spring,2011,99,5,3,402,2011-05-31T00:00:00Z,Scallop Sea,1,0.003,,,,,1,0.003
SP11,Spring,2011,106,5,4,621,2011-06-01T00:00:00Z,Scallop Sea,1,0.006,,,,,1,0.006
SP11,Spring,2011,109,5,2,212,2011-06-02T00:00:00Z,Scallop Sea,1,0.02,,,,,1.3333333333333333,0.026666666666666665
SP11,Spring,2011,111,5,3,346,2011-06-02T00:00:00Z,Scallop Sea,1,0.02,,,,,1.25,0.025
SP12,Spring,2012,4,1,1,554,2012-04-30T00:00:00Z,Scallop Sea,7,0.26,,,,,7,0.26
SP12,Spring,2012,5,1,1,513,2012-04-30T00:00:00Z,Scallop Sea,9,0.07,,,,,10.588235294117647,0.0823529411764706
SP12,Spring,2012,8,1,3,661,2012-05-01T00:00:00Z,Scallop Sea,3,0.12,,,,,3,0.12
SP12,Spring,2012,10,1,4,569,2012-05-02T00:00:00Z,Scallop Sea,12,0.06,,,,,12,0.06
SP12,Spring,2012,11,1,4,528,2012-05-02T00:00:00Z,Scallop Sea,19,0.22,,,,,19,0.22
SP12,Spring,2012,12,1,4,489,2012-05-02T00:00:00Z,Scallop Sea,5,0.18,,,,,5,0.18
SP12,Spring,2012,15,1,2,262,2012-05-03T00:00:00Z,Scallop Sea,1,0.004,,,,,1,0.004
SP12,Spring,2012,17,1,4,372,2012-05-03T00:00:00Z,Scallop Sea,2,0.02,,,,,2,0.02
SP12,Spring,2012,18,1,4,313,2012-05-03T00:00:00Z,Scallop Sea,2,0.05,,,,,2.6666666666666665,0.06666666666666667
SP12,Spring,2012,20,1,3,66,2012-05-04T00:00:00Z,Scallop Sea,1,0.007,,,,,1.1111111111111112,0.007777777777777778
SP12,Spring,2012,26,2,3,614,2012-05-07T00:00:00Z,Scallop Sea,1,0.05,,,,,1,0.05
SP12,Spring,2012,28,2,1,379,2012-05-07T00:00:00Z,Scallop Sea,1,0.003,,,,,1,0.003
SP12,Spring,2012,32,2,4,713,2012-05-08T00:00:00Z,Scallop Sea,3,0.03,,,,,3,0.03
SP12,Spring,2012,34,2,4,620,2012-05-08T00:00:00Z,Scallop Sea,4,0.14,,,,,4,0.14
SP12,Spring,2012,38,2,4,604,2012-05-10T00:00:00Z,Scallop Sea,2,0.05,,,,,2,0.05
SP12,Spring,2012,56,3,1,64,2012-05-15T00:00:00Z,Scallop Sea,4,0.25,,,,,4,0.25
SP12,Spring,2012,57,3,1,40,2012-05-15T00:00:00Z,Scallop Sea,7,0.55,,,,,9.333333333333332,0.7333333333333334
SP12,Spring,2012,58,3,1,26,2012-05-15T00:00:00Z,Scallop Sea,8,0.46,,,,,10.666666666666666,0.6133333333333333
SP12,Spring,2012,60,3,4,786,2012-05-16T00:00:00Z,Scallop Sea,2,0.08,,,,,2,0.08
SP12,Spring,2012,78,4,1,28,2012-05-22T00:00:00Z,Scallop Sea,60,5.94,,,,,60,5.94
SP12,Spring,2012,79,4,1,25,2012-05-22T00:00:00Z,Scallop Sea,6,0.7000000000000001,,,,,6,0.7000000000000001
SP12,Spring,2012,109,5,3,346,2012-05-31T00:00:00Z,Scallop Sea,2,0.91,,,,,2,0.91
SP12,Spring,2012,111,5,3,203,2012-05-31T00:00:00Z,Scallop Sea,1,0.002,,,,,1.3333333333333333,0.0026666666666666666
SP12,Spring,2012,112,5,2,201,2012-05-31T00:00:00Z,Scallop Sea,28,0.1,,,,,35,0.125
SP12,Spring,2012,115,5,1,86,2012-05-31T00:00:00Z,Scallop Sea,1,0.46,,,,,1,0.46
SP12,Spring,2012,116,5,3,49,2012-06-01T00:00:00Z,Scallop Sea,2,0.004,,,,,2,0.004
SP12,Spring,2012,118,5,3,11,2012-06-01T00:00:00Z,Scallop Sea,8,0.18,,,,,8,0.18
SP13,Spring,2013,1,1,2,594,2013-05-06T00:00:00Z,Scallop Sea,3,0.38,,,,,3,0.38
SP13,Spring,2013,4,1,1,592,2013-05-06T00:00:00Z,Scallop Sea,3,0.01,,,,,3,0.01
SP13,Spring,2013,5,1,1,476,2013-05-06T00:00:00Z,Scallop Sea,1,0.009000000000000001,,,,,1.0526315789473684,0.009473684210526316
SP13,Spring,2013,6,1,4,684,2013-05-07T00:00:00Z,Scallop Sea,19,0.9,,,,,19,0.9
SP13,Spring,2013,7,1,3,603,2013-05-07T00:00:00Z,Scallop Sea,13,0.06,,,,,13,0.06
SP13,Spring,2013,8,1,3,561,2013-05-07T00:00:00Z,Scallop Sea,1,0.008,,,,,1.3333333333333333,0.010666666666666666
SP13,Spring,2013,9,1,3,466,2013-05-07T00:00:00Z,Scallop Sea,1,0.1,,,,,1,0.1
SP13,Spring,2013,10,1,2,499,2013-05-07T00:00:00Z,Scallop Sea,12,0.04,,,,,20,0.06666666666666667
SP13,Spring,2013,14,1,4,333,2013-05-08T00:00:00Z,Scallop Sea,14,0.5,,,,,18.666666666666664,0.6666666666666666
SP13,Spring,2013,15,1,4,372,2013-05-08T00:00:00Z,Scallop Sea,21,0.62,,,,,21,0.62
SP13,Spring,2013,16,1,4,428,2013-05-09T00:00:00Z,Scallop Sea,32,0.4,,,,,32,0.4
SP13,Spring,2013,17,1,4,255,2013-05-09T00:00:00Z,Scallop Sea,9,0.32,,,,,9,0.32
SP13,Spring,2013,19,1,4,109,2013-05-09T00:00:00Z,Scallop Sea,88,1.52,,,,,88,1.52
SP13,Spring,2013,30,2,4,741,2013-05-14T00:00:00Z,Scallop Sea,16,0.14,,,,,16,0.14
SP13,Spring,2013,31,2,4,644,2013-05-14T00:00:00Z,Scallop Sea,2,0.09,,,,,2.3529411764705883,0.10588235294117647
SP13,Spring,2013,40,2,4,627,2013-05-16T00:00:00Z,Scallop Sea,28,0.08,,,,,28,0.08
SP13,Spring,2013,41,2,4,630,2013-05-16T00:00:00Z,Scallop Sea,180,1.02,,,,,180,1.02
SP13,Spring,2013,42,2,3,473,2013-05-16T00:00:00Z,Scallop Sea,2,0.01,,,,,2.6666666666666665,0.013333333333333332
SP13,Spring,2013,63,3,4,705,2013-05-22T00:00:00Z,Scallop Sea,3,0.03,,,,,3,0.03
SP13,Spring,2013,64,3,4,798,2013-05-22T00:00:00Z,Scallop Sea,5,0.04,,,,,5,0.04
SP13,Spring,2013,67,3,4,535,2013-05-23T00:00:00Z,Scallop Sea,1,0.002,,,,,1,0.002
SP13,Spring,2013,74,4,4,660,2013-05-27T00:00:00Z,Scallop Sea,6,0.06,,,,,12,0.12
SP13,Spring,2013,75,4,4,657,2013-05-27T00:00:00Z,Scallop Sea,10,0.1,,,,,10.526315789473683,0.10526315789473684
SP13,Spring,2013,88,4,3,226,2013-05-30T00:00:00Z,Scallop Sea,1,0.02,,,,,1,0.02
SP13,Spring,2013,100,5,4,639,2013-06-04T00:00:00Z,Scallop Sea,308,3.7600000000000002,1.22,,,,308,3.7600000000000002
SP13,Spring,2013,101,5,3,614,2013-06-04T00:00:00Z,Scallop Sea,478,7.08,1.48,,,,478,7.08
SP13,Spring,2013,102,5,3,557,2013-06-04T00:00:00Z,Scallop Sea,11,0.16,,,,,11,0.16
SP13,Spring,2013,103,5,4,618,2013-06-05T00:00:00Z,Scallop Sea,2,0.02,,,,,2,0.02
SP13,Spring,2013,105,5,4,621,2013-06-05T00:00:00Z,Scallop Sea,45,0.3,,,,,45,0.3
SP13,Spring,2013,107,5,3,500,2013-06-05T00:00:00Z,Scallop Sea,167,1.6500000000000001,0.94,,,,167,1.6500000000000001
SP13,Spring,2013,108,5,2,216,2013-06-06T00:00:00Z,Scallop Sea,276,3.12,1.22,,,,424.6153846153846,4.8
SP13,Spring,2013,109,5,3,346,2013-06-06T00:00:00Z,Scallop Sea,99,0.79,,,,,116.47058823529412,0.9294117647058824
SP13,Spring,2013,110,5,3,315,2013-06-06T00:00:00Z,Scallop Sea,17,0.16,,,,,17,0.16
SP13,Spring,2013,112,5,2,141,2013-06-06T00:00:00Z,Scallop Sea,10,0.16,,,,,13.333333333333332,0.21333333333333332
SP14,Spring,2014,2,1,2,656,2014-05-05T00:00:00Z,Scallop Sea,2,0.04,,,,,2,0.04
SP14,Spring,2014,4,1,3,600,2014-05-05T00:00:00Z,Scallop Sea,11,0.3,,,,,14.666666666666666,0.39999999999999997
SP14,Spring,2014,5,1,1,535,2014-05-05T00:00:00Z,Scallop Sea,6,0.06,,,,,8,0.07999999999999999
SP14,Spring,2014,6,1,4,565,2014-05-06T00:00:00Z,Scallop Sea,28,1.36,,,,,28,1.36
SP14,Spring,2014,7,1,3,505,2014-05-06T00:00:00Z,Scallop Sea,16,0.64,,,,,16,0.64
SP14,Spring,2014,8,1,4,424,2014-05-06T00:00:00Z,Scallop Sea,1,0.06,,,,,1,0.06
SP14,Spring,2014,10,1,2,433,2014-05-06T00:00:00Z,Scallop Sea,6,0.16,,,,,8,0.21333333333333332
SP14,Spring,2014,11,1,1,340,2014-05-07T00:00:00Z,Scallop Sea,1,0.01,,,,,1.1111111111111112,0.011111111111111112
SP14,Spring,2014,15,1,2,364,2014-05-07T00:00:00Z,Scallop Sea,17,0.38,,,,,22.666666666666664,0.5066666666666666
SP14,Spring,2014,16,1,4,336,2014-05-08T00:00:00Z,Scallop Sea,16,0.38,,,,,16,0.38
SP14,Spring,2014,17,1,4,276,2014-05-08T00:00:00Z,Scallop Sea,18,0.32,,,,,18,0.32
SP14,Spring,2014,18,1,3,207,2014-05-08T00:00:00Z,Scallop Sea,5,0.14,,,,,5.882352941176471,0.1647058823529412
SP14,Spring,2014,19,1,3,144,2014-05-08T00:00:00Z,Scallop Sea,5,0.16,,,,,6.666666666666666,0.21333333333333332
SP14,Spring,2014,20,1,4,133,2014-05-08T00:00:00Z,Scallop Sea,5,0.12,,,,,5,0.12
SP14,Spring,2014,32,2,4,721,2014-05-13T00:00:00Z,Scallop Sea,38,0.92,,,,,38,0.92
SP14,Spring,2014,33,2,4,697,2014-05-13T00:00:00Z,Scallop Sea,207,4.38,2.12,,,,207,4.38
SP14,Spring,2014,34,2,3,593,2014-05-13T00:00:00Z,Scallop Sea,3,0.03,,,,,3,0.03
SP14,Spring,2014,41,2,4,630,2014-05-15T00:00:00Z,Scallop Sea,171,3.46,2.02,,,,171,3.46
SP14,Spring,2014,59,3,4,705,2014-05-21T00:00:00Z,Scallop Sea,8,0.11,,,,,10,0.1375
SP14,Spring,2014,62,3,4,730,2014-05-21T00:00:00Z,Scallop Sea,11,0.28,,,,,14.666666666666666,0.37333333333333335
SP14,Spring,2014,92,5,4,750,2014-06-02T00:00:00Z,Scallop Sea,2,0.01,,,,,2,0.01
SP14,Spring,2014,98,5,4,661,2014-06-03T00:00:00Z,Scallop Sea,242,5.2,2.15,,,,268.8888888888889,5.777777777777779
SP14,Spring,2014,99,5,3,615,2014-06-03T00:00:00Z,Scallop Sea,76,1.7,,,,,76,1.7
SP14,Spring,2014,101,5,3,531,2014-06-03T00:00:00Z,Scallop Sea,98,1.42,,,,,98,1.42
SP14,Spring,2014,105,5,1,206,2014-06-04T00:00:00Z,Scallop Sea,1,0.41000000000000003,,,,,1,0.41000000000000003
SP14,Spring,2014,107,5,3,348,2014-06-05T00:00:00Z,Scallop Sea,3,0.8,,,,,4,1.0666666666666667
SP14,Spring,2014,108,5,2,168,2014-06-05T00:00:00Z,Scallop Sea,2,0.17,,,,,2.6666666666666665,0.22666666666666668
SP14,Spring,2014,112,5,3,24,2014-06-06T00:00:00Z,Scallop Sea,1,0.04,,,,,1.3333333333333333,0.05333333333333333
SP14,Spring,2014,113,5,2,44,2014-06-06T00:00:00Z,Scallop Sea,1,0.55,,,,,1,0.55
SP14,Spring,2014,114,5,1,35,2014-06-06T00:00:00Z,Scallop Sea,2,0.3,,,,,3.333333333333333,0.49999999999999994
SP15,Spring,2015,2,1,3,600,2015-05-04T00:00:00Z,Scallop Icelandic Sea,1,0.006,,,,,0.9523809523809524,0.005714285714285715
SP15,Spring,2015,2,1,3,600,2015-05-04T00:00:00Z,Scallop Sea,16,1.1,,,,,15.238095238095239,1.0476190476190477
SP15,Spring,2015,4,1,1,554,2015-05-04T00:00:00Z,Scallop Sea,6,0.08,,,,,6,0.08
SP15,Spring,2015,5,1,1,534,2015-05-04T00:00:00Z,Scallop Sea,48,0.71,,,,,73.84615384615384,1.0923076923076922
SP15,Spring,2015,6,1,4,546,2015-05-05T00:00:00Z,Scallop Sea,8,0.38,,,,,8,0.38
SP15,Spring,2015,7,1,4,455,2015-05-05T00:00:00Z,Scallop Sea,2,0.12,,,,,2,0.12
SP15,Spring,2015,9,1,3,452,2015-05-05T00:00:00Z,Scallop Sea,3,0.07,,,,,3,0.07
SP15,Spring,2015,12,1,3,229,2015-05-06T00:00:00Z,Scallop Sea,4,0.2,,,,,4,0.2
SP15,Spring,2015,16,1,3,252,2015-05-07T00:00:00Z,Scallop Sea,1,0.003,,,,,1.0526315789473684,0.003157894736842105
SP15,Spring,2015,17,1,4,255,2015-05-07T00:00:00Z,Scallop Sea,16,0.66,,,,,16,0.66
SP15,Spring,2015,18,1,4,189,2015-05-07T00:00:00Z,Scallop Sea,5,0.4,,,,,5,0.4
SP15,Spring,2015,19,1,4,193,2015-05-07T00:00:00Z,Scallop Sea,12,0.35000000000000003,,,,,12,0.35000000000000003
SP15,Spring,2015,20,1,4,58,2015-05-07T00:00:00Z,Scallop Sea,3,0.08,,,,,3,0.08
SP15,Spring,2015,29,2,1,370,2015-05-11T00:00:00Z,Scallop Sea,1,0.005,,,,,1,0.005
SP15,Spring,2015,32,2,4,732,2015-05-12T00:00:00Z,Scallop Sea,10,0.54,,,,,10,0.54
SP15,Spring,2015,33,2,4,669,2015-05-12T00:00:00Z,Scallop Sea,4,0.15,,,,,4,0.15
SP15,Spring,2015,41,2,4,553,2015-05-14T00:00:00Z,Scallop Sea,22,0.92,,,,,29.333333333333332,1.2266666666666666
SP15,Spring,2015,42,2,4,551,2015-05-14T00:00:00Z,Scallop Sea,12,0.3,,,,,12,0.3
SP15,Spring,2015,43,2,4,578,2015-05-14T00:00:00Z,Scallop Sea,17,0.53,,,,,17,0.53
SP15,Spring,2015,44,2,4,627,2015-05-14T00:00:00Z,Scallop Sea,13,0.4,,,,,13,0.4
SP15,Spring,2015,63,3,4,785,2015-05-20T00:00:00Z,Scallop Sea,1,0.06,,,,,1,0.06
SP15,Spring,2015,105,5,3,612,2015-06-02T00:00:00Z,Scallop Sea,11,0.76,,,,,11,0.76
SP15,Spring,2015,106,5,4,661,2015-06-02T00:00:00Z,Scallop Sea,40,2.15,,,,,40,2.15
SP15,Spring,2015,107,5,4,680,2015-06-05T00:00:00Z,Scallop Sea,12,0.6900000000000001,,,,,12,0.6900000000000001
SP15,Spring,2015,108,5,4,718,2015-06-02T00:00:00Z,Scallop Sea,2,0.04,,,,,2,0.04
SP15,Spring,2015,111,5,4,470,2015-06-03T00:00:00Z,Scallop Sea,33,0.73,,,,,33,0.73
SP15,Spring,2015,119,5,3,232,2015-06-04T00:00:00Z,Scallop Sea,15,1.02,,,,,18.75,1.275
SP15,Spring,2015,122,5,2,120,2015-06-05T00:00:00Z,Scallop Sea,4,0.22,,,,,5.333333333333333,0.29333333333333333
SP16,Spring,2016,2,1,3,603,2016-05-02T00:00:00Z,Scallop Sea,1,0.09,,,,,1,0.09
SP16,Spring,2016,4,1,1,555,2016-05-02T00:00:00Z,Scallop Sea,57,0.35000000000000003,,,,,57,0.35000000000000003
SP16,Spring,2016,5,1,1,591,2016-05-02T00:00:00Z,Scallop Sea,1,0.01,,,,,1,0.01
SP16,Spring,2016,9,1,4,426,2016-05-03T00:00:00Z,Scallop Sea,10,0.9500000000000001,,,,,10,0.9500000000000001
SP16,Spring,2016,10,1,4,429,2016-05-03T00:00:00Z,Scallop Sea,32,1.77,,,,,32,1.77
SP16,Spring,2016,11,1,4,507,2016-05-03T00:00:00Z,Scallop Sea,1,0.07,,,,,1.6666666666666665,0.11666666666666667
SP16,Spring,2016,13,1,3,348,2016-05-04T00:00:00Z,Scallop Sea,1,0.02,,,,,1.3333333333333333,0.026666666666666665
SP16,Spring,2016,18,1,4,257,2016-05-05T00:00:00Z,Scallop Sea,3,0.05,,,,,3,0.05
SP16,Spring,2016,19,1,4,109,2016-05-05T00:00:00Z,Scallop Sea,26,1.9000000000000001,,,,,26,1.9000000000000001
SP16,Spring,2016,20,1,4,70,2016-05-05T00:00:00Z,Scallop Sea,2,0.14,,,,,2,0.14
SP16,Spring,2016,27,2,4,714,2016-05-09T00:00:00Z,Scallop Sea,71,2.56,,,,,71,2.56
SP16,Spring,2016,28,2,4,706,2016-05-09T00:00:00Z,Scallop Sea,18,0.18,,,,,18,0.18
SP16,Spring,2016,29,2,4,685,2016-05-09T00:00:00Z,Scallop Sea,3,0.27,,,,,3,0.27
SP16,Spring,2016,30,2,1,254,2016-05-10T00:00:00Z,Scallop Sea,1,0.003,,,,,1,0.003
SP16,Spring,2016,40,2,4,594,2016-05-11T00:00:00Z,Scallop Sea,4,0.31,,,,,4,0.31
SP16,Spring,2016,47,2,4,438,2016-05-13T00:00:00Z,Scallop Sea,4,0.42,,,,,4.2105263157894735,0.4421052631578947
SP16,Spring,2016,54,3,1,67,2016-05-17T00:00:00Z,Scallop Sea,13,0.1,,,,,13,0.1
SP16,Spring,2016,82,4,1,173,2016-05-24T00:00:00Z,Scallop Sea,1,0.2,,,,,1.25,0.25
SP16,Spring,2016,100,5,4,700,2016-05-30T00:00:00Z,Scallop Sea,2,0.12,,,,,2,0.12
SP16,Spring,2016,110,5,4,470,2016-06-01T00:00:00Z,Scallop Sea,2,0.07,,,,,2.5,0.08750000000000001
SP16,Spring,2016,112,5,1,157,2016-06-02T00:00:00Z,Scallop Sea,1,0.003,,,,,1.25,0.00375
SP16,Spring,2016,114,5,2,273,2016-06-02T00:00:00Z,Scallop Sea,1,0.08,,,,,1.25,0.1
SP16,Spring,2016,115,5,2,201,2016-06-02T00:00:00Z,Scallop Sea,5,0.01,,,,,5,0.01
SP16,Spring,2016,116,5,3,163,2016-06-02T00:00:00Z,Scallop Sea,12,4.46,,,,,12,4.46
SP16,Spring,2016,118,5,2,120,2016-06-02T00:00:00Z,Scallop Sea,8,0.29,,,,,8,0.29
SP16,Spring,2016,120,5,2,44,2016-06-03T00:00:00Z,Scallop Sea,9,0.22,,,,,9,0.22
SP17,Spring,2017,1,1,3,543,2017-05-01T00:00:00Z,Scallop Sea,2,0.09,,,,,2,0.09
SP17,Spring,2017,5,1,1,610,2017-05-01T00:00:00Z,Scallop Sea,7,0.1,,,,,7,0.1
SP17,Spring,2017,7,1,2,434,2017-05-02T00:00:00Z,Scallop Sea,1,0.005,,,,,1.0526315789473684,0.005263157894736842
SP17,Spring,2017,9,1,4,390,2017-05-02T00:00:00Z,Scallop Sea,2,0.03,,,,,2,0.03
SP17,Spring,2017,10,1,4,413,2017-05-02T00:00:00Z,Scallop Sea,6,0.39,,,,,6,0.39
SP17,Spring,2017,14,1,2,284,2017-05-03T00:00:00Z,Scallop Sea,1,0.002,,,,,1.3333333333333333,0.0026666666666666666
SP17,Spring,2017,15,1,1,361,2017-05-03T00:00:00Z,Scallop Sea,19,0.29,,,,,19,0.29
SP17,Spring,2017,16,1,3,229,2017-05-04T00:00:00Z,Scallop Sea,2,0.008,,,,,2.2222222222222223,0.008888888888888889
SP17,Spring,2017,17,1,4,232,2017-05-04T00:00:00Z,Scallop Sea,1,0.02,,,,,1,0.02
SP17,Spring,2017,18,1,4,257,2017-05-04T00:00:00Z,Scallop Sea,7,0.16,,,,,7,0.16
SP17,Spring,2017,19,1,4,135,2017-05-04T00:00:00Z,Scallop Sea,7,0.28,,,,,7,0.28
SP17,Spring,2017,20,1,4,95,2017-05-04T00:00:00Z,Scallop Sea,3,0.25,,,,,3,0.25
SP17,Spring,2017,29,2,4,725,2017-05-08T00:00:00Z,Scallop Sea,110,1.8800000000000001,,,,,110,1.8800000000000001
SP17,Spring,2017,30,2,4,696,2017-05-08T00:00:00Z,Scallop Sea,14,0.58,,,,,14,0.58
SP17,Spring,2017,117,5,2,216,2017-06-01T00:00:00Z,Scallop Sea,1,0.006,,,,,1,0.006
SP17,Spring,2017,119,5,3,75,2017-06-02T00:00:00Z,Scallop Sea,1,0.002,,,,,1,0.002
SP17,Spring,2017,121,5,3,24,2017-06-02T00:00:00Z,Scallop Sea,2,0.85,,,,,2,0.85
SP17,Spring,2017,122,5,1,15,2017-06-02T00:00:00Z,Scallop Sea,2,0.48,,,,,2,0.48
SP18,Spring,2018,2,1,2,675,2018-04-30T00:00:00Z,Scallop Sea,4,0.03,,,,,4,0.03
SP18,Spring,2018,3,1,1,554,2018-04-30T00:00:00Z,Scallop Sea,4,0.1,,,,,4,0.1
SP18,Spring,2018,5,1,4,685,2018-05-01T00:00:00Z,Scallop Sea,5,0.25,,,,,5,0.25
SP18,Spring,2018,6,1,3,623,2018-05-01T00:00:00Z,Scallop Sea,3,0.22,,,,,3,0.22
SP18,Spring,2018,7,1,4,587,2018-05-01T00:00:00Z,Scallop Sea,1,0.006,,,,,1,0.006
SP18,Spring,2018,15,1,4,443,2018-05-03T00:00:00Z,Scallop Sea,4,0.05,,,,,4,0.05
SP18,Spring,2018,16,1,4,357,2018-05-03T00:00:00Z,Scallop Sea,1,0.001,,,,,1,0.001
SP18,Spring,2018,17,1,4,277,2018-05-03T00:00:00Z,Scallop Sea,1,0.03,,,,,1,0.03
SP18,Spring,2018,18,1,4,215,2018-05-03T00:00:00Z,Scallop Sea,12,0.3,,,,,12,0.3
SP18,Spring,2018,36,2,4,696,2018-05-09T00:00:00Z,Scallop Sea,1,0.02,,,,,1,0.02
SP18,Spring,2018,58,3,4,770,2018-05-16T00:00:00Z,Scallop Sea,1,0.18,,,,,1,0.18
SP18,Spring,2018,113,5,2,201,2018-05-31T00:00:00Z,Scallop Sea,3,0.01,,,,,4,0.013333333333333332
SP19,Spring,2019,2,1,2,674,2019-04-29T00:00:00Z,Scallop Sea,68,0.34,,,,,68,0.34
SP19,Spring,2019,9,1,2,420,2019-05-01T00:00:00Z,Scallop Sea,9,0.03,,,,,10,0.03333333333333333
SP19,Spring,2019,10,1,1,323,2019-05-01T00:00:00Z,Scallop Sea,2,0.03,,,,,2,0.03
SP19,Spring,2019,13,1,4,428,2019-05-02T00:00:00Z,Scallop Sea,1,0.07,,,,,1,0.07
SP19,Spring,2019,14,1,4,372,2019-05-02T00:00:00Z,Scallop Sea,1,0.06,,,,,1,0.06
SP19,Spring,2019,18,1,4,192,2019-05-02T00:00:00Z,Scallop Sea,4,0.19,,,,,4,0.19
SP19,Spring,2019,29,2,4,736,2019-05-07T00:00:00Z,Scallop Sea,13,0.51,,,,,13,0.51
SP19,Spring,2019,30,2,4,713,2019-05-07T00:00:00Z,Scallop Sea,12,0.71,,,,,12,0.71
SP19,Spring,2019,79,4,1,173,2019-05-21T00:00:00Z,Scallop Sea,1,0.1,,,,,1,0.1
SP19,Spring,2019,114,5,2,120,2019-05-30T00:00:00Z,Scallop Sea,4,0.02,,,,,4,0.02
SP19,Spring,2019,115,5,3,142,2019-05-30T00:00:00Z,Scallop Sea,1,0.01,,,,,0.9523809523809524,0.009523809523809525
SP21,Spring,2021,5,1,1,611,2021-05-03T00:00:00Z,Scallop Sea,3,0.03,,,,,3.75,0.0375
SP21,Spring,2021,11,1,2,420,2021-05-04T00:00:00Z,Scallop Sea,29,0.24,,,,,30.52631578947368,0.2526315789473684
SP21,Spring,2021,24,2,4,716,2021-05-08T00:00:00Z,Scallop Sea,3,0.11,,,,,3,0.11
SP21,Spring,2021,26,2,4,725,2021-05-08T00:00:00Z,Scallop Sea,3,0.09,,,,,3,0.09
SP21,Spring,2021,33,2,1,342,2021-05-09T00:00:00Z,Scallop Sea,1,0.006,,,,,1.0526315789473684,0.00631578947368421
SP21,Spring,2021,56,3,1,52,2021-05-18T00:00:00Z,Scallop Sea,8,0.22,,,,,8.421052631578947,0.23157894736842105
SP21,Spring,2021,74,4,3,653,2021-05-24T00:00:00Z,Scallop Sea,1,0.01,,,,,1,0.01
SP21,Spring,2021,85,4,4,644,2021-05-26T00:00:00Z,Scallop Sea,1,0.004,,,,,1,0.004
SP21,Spring,2021,108,5,4,690,2021-06-02T00:00:00Z,Scallop Sea,1,0.002,,,,,1,0.002
SP21,Spring,2021,110,5,4,662,2021-06-02T00:00:00Z,Scallop Sea,8,0.05,,,,,8,0.05
SP21,Spring,2021,113,5,3,281,2021-06-03T00:00:00Z,Scallop Sea,1,0.002,,,,,1,0.002
SP21,Spring,2021,114,5,3,142,2021-06-03T00:00:00Z,Scallop Sea,58,0.55,,,,,58,0.55
SP22,Spring,2022,3,1,3,661,2022-05-02T00:00:00Z,Scallop Sea,2,0.02,,,,,2,0.02
SP22,Spring,2022,8,3,1,79,2022-05-17T00:00:00Z,Scallop Sea,22,0.46,,,,,22,0.46
SP22,Spring,2022,9,3,1,37,2022-05-17T00:00:00Z,Scallop Sea,42,0.38,,,,,42,0.38
SP22,Spring,2022,14,3,4,737,2022-05-18T00:00:00Z,Scallop Sea,6,0.04,,,,,7.5,0.05
SP22,Spring,2022,15,3,4,759,2022-05-18T00:00:00Z,Scallop Sea,36,0.47000000000000003,,,,,36,0.47000000000000003
SP22,Spring,2022,16,3,4,786,2022-05-18T00:00:00Z,Scallop Sea,22,0.23,,,,,22,0.23
SP22,Spring,2022,26,4,4,693,2022-05-23T00:00:00Z,Scallop Sea,7,0.03,,,,,7,0.03
SP22,Spring,2022,27,4,4,699,2022-05-23T00:00:00Z,Scallop Sea,1,0.01,,,,,1,0.01
SP22,Spring,2022,28,4,4,656,2022-05-23T00:00:00Z,Scallop Sea,1,0.004,,,,,1.1111111111111112,0.0044444444444444444
SP22,Spring,2022,35,4,3,595,2022-05-25T00:00:00Z,Scallop Sea,1,0.07,,,,,1,0.07
SP22,Spring,2022,36,4,4,641,2022-05-25T00:00:00Z,Scallop Sea,2,0.06,,,,,2,0.06
SP22,Spring,2022,37,4,4,550,2022-05-25T00:00:00Z,Scallop Sea,1,0.04,,,,,1.1111111111111112,0.044444444444444446
SP22,Spring,2022,38,4,2,290,2022-05-25T00:00:00Z,Scallop Sea,1,0.004,,,,,1.0526315789473684,0.004210526315789474
SP22,Spring,2022,51,5,3,585,2022-05-30T00:00:00Z,Scallop Sea,2,0.006,,,,,2,0.006
SP22,Spring,2022,57,5,3,590,2022-06-01T00:00:00Z,Scallop Sea,7,0.01,,,,,7,0.01
SP22,Spring,2022,58,5,3,564,2022-06-01T00:00:00Z,Scallop Sea,3,0.07,,,,,3,0.07
SP22,Spring,2022,64,5,3,216,2022-06-02T00:00:00Z,Scallop Sea,52,0.59,,,,,69.33333333333333,0.7866666666666666
SP22,Spring,2022,65,5,2,141,2022-06-02T00:00:00Z,Scallop Sea,79,1.27,,,,,79,1.27
SP22,Spring,2022,66,5,3,105,2022-06-02T00:00:00Z,Scallop Sea,1,0.001,,,,,1,0.001
SP22,Spring,2022,67,5,2,44,2022-06-02T00:00:00Z,Scallop Sea,2,0.78,,,,,2,0.78
SP22,Spring,2022,71,1,4,82,2022-06-07T00:00:00Z,Scallop Sea,14,0.08,,,,,14,0.08
SP22,Spring,2022,72,1,4,237,2022-06-07T00:00:00Z,Scallop Sea,10,0.03,,,,,10,0.03
SP22,Spring,2022,73,1,4,278,2022-06-07T00:00:00Z,Scallop Sea,1,0.02,,,,,1,0.02
SP22,Spring,2022,74,1,4,337,2022-06-07T00:00:00Z,Scallop Sea,2,0.03,,,,,2,0.03
SP22,Spring,2022,75,1,4,170,2022-06-07T00:00:00Z,Scallop Sea,19,0.13,,,,,19,0.13
SP22,Spring,2022,79,1,1,48,2022-06-09T00:00:00Z,Scallop Sea,4,0.02,,,,,4.2105263157894735,0.021052631578947368
SP22,Spring,2022,83,2,4,720,2022-06-13T00:00:00Z,Scallop Sea,16,0.4,,,,,16,0.4
SP22,Spring,2022,84,2,4,724,2022-06-13T00:00:00Z,Scallop Sea,36,0.7000000000000001,,,,,36,0.7000000000000001
SP22,Spring,2022,85,2,4,669,2022-06-13T00:00:00Z,Scallop Sea,1,0.01,,,,,1,0.01
SP22,Spring,2022,88,2,1,338,2022-06-14T00:00:00Z,Scallop Sea,1,0.006,,,,,1,0.006
SP22,Spring,2022,89,2,1,381,2022-06-14T00:00:00Z,Scallop Sea,11,0.08,,,,,11,0.08
SP22,Spring,2022,98,2,4,396,2022-06-16T00:00:00Z,Scallop Sea,1,0.06,,,,,1,0.06
