index,Exp,Year,Field,Plot,NTrt,NAdd,NitrAdd,NAtm.NAdd,fg,isspecies,richness,Agropyron repens,Schizachyrium scoparium,Miscellaneous litter,Ncat,FieldPlot
1 A 1982,1,1982,A,1,9,0,0,1,S,1,13,14.867,0,46.333,0,A 1
1 A 1983,1,1983,A,1,9,0,0,1,F,1,15,25.733,0,265.77,0,A 1
1 A 1984,1,1984,A,1,9,0,0,1,F,1,16,33.033,0,76.5,0,A 1
1 A 1985,1,1985,A,1,9,0,0,1,F,1,15,68,0,124.1,0,A 1
1 A 1986,1,1986,A,1,9,0,0,1,F,1,17,56.767,0,170.53,0,A 1
1 A 1987,1,1987,A,1,9,0,0,1,F,1,15,51.507,0,383.77,0,A 1
1 A 1988,1,1988,A,1,9,0,0,1,L,1,9,17.133,4.833,189.83,0,A 1
1 A 1989,1,1989,A,1,9,0,0,1,C4,1,8,59.3,0,224.2,0,A 1
1 A 1990,1,1990,A,1,9,0,0,1,F,1,10,18.833,67.967,394.8,0,A 1
1 A 1991,1,1991,A,1,9,0,0,1,F,1,15,34.233,1.233,278.9,0,A 1
1 A 1992,1,1992,A,1,9,0,0,1,F,1,9,9.4,28.867,395.9,0,A 1
1 A 1993,1,1993,A,1,9,0,0,1,F,1,10,10.947,41.87,282.23,0,A 1
1 A 1994,1,1994,A,1,9,0,0,1,F,1,10,1.2,78.433,533.97,0,A 1
1 A 1995,1,1995,A,1,9,0,0,1,F,1,5,2.167,38.8,603.93,0,A 1
1 A 1996,1,1996,A,1,9,0,0,1,L,1,7,0.633,71.167,184,0,A 1
1 A 1997,1,1997,A,1,9,0,0,1,F,1,5,1.867,48.633,388.43,0,A 1
1 A 1998,1,1998,A,1,9,0,0,1,F,1,4,0,87.167,593.77,0,A 1
1 A 1999,1,1999,A,1,9,0,0,1,S,1,6,0.233,155.1,726.67,0,A 1
1 A 2000,1,2000,A,1,9,0,0,1,C4,1,4,0.7,101,337.03,0,A 1
1 A 2001,1,2001,A,1,9,0,0,1,L,1,5,0.3,67.733,227.77,0,A 1
1 A 2002,1,2002,A,1,9,0,0,1,F,1,7,0.31,51.7,479,0,A 1
1 A 2003,1,2003,A,1,9,0,0,1,C3,1,4,0.7,47.033,349.97,0,A 1
1 A 2004,1,2004,A,1,9,0,0,1,F,1,6,0.7667,32.333,0.4,0,A 1
NA,NA,NA,NA,NA,NA,NA,NA,NA,NA,NA,NA,NA,NA,NA,NA,NA
1 A 2008,1,2008,A,1,9,0,0,1,C3,1,11,0.17,10.22,5.1,0,A 1
NA,NA,NA,NA,NA,NA,NA,NA,NA,NA,NA,NA,NA,NA,NA,NA,NA
5 A 1982,1,1982,A,5,9,0,0,1,F,1,9,58.8,0,51.667,0,A 5
5 A 1983,1,1983,A,5,9,0,0,1,G,1,11,42.9,0,156.7,0,A 5
5 A 1984,1,1984,A,5,9,0,0,1,F,1,18,101.87,0.067,344.93,0,A 5
5 A 1985,1,1985,A,5,9,0,0,1,F,1,12,110.57,44.133,298.37,0,A 5
5 A 1986,1,1986,A,5,9,0,0,1,F,1,18,54.033,10.06,248.97,0,A 5
5 A 1987,1,1987,A,5,9,0,0,1,F,1,12,76.233,0.033,260.57,0,A 5
5 A 1988,1,1988,A,5,9,0,0,1,C3,1,7,26.833,0.233,505.13,0,A 5
5 A 1989,1,1989,A,5,9,0,0,1,F,1,10,104.37,7.767,255.93,0,A 5
5 A 1990,1,1990,A,5,9,0,0,1,F,1,6,25,27.5,318.77,0,A 5
5 A 1991,1,1991,A,5,9,0,0,1,F,1,10,42.867,36.533,466.63,0,A 5
5 A 1992,1,1992,A,5,9,0,0,1,F,1,8,22.567,60.633,660.8,0,A 5
5 A 1993,1,1993,A,5,9,0,0,1,F,1,5,31.167,88.667,418.93,0,A 5
5 A 1994,1,1994,A,5,9,0,0,1,F,1,7,17.9,32.333,367.73,0,A 5
5 A 1995,1,1995,A,5,9,0,0,1,C3,1,10,19.667,62.567,563.63,0,A 5
5 A 1996,1,1996,A,5,9,0,0,1,F,1,6,34.667,31.267,553.27,0,A 5
5 A 1997,1,1997,A,5,9,0,0,1,F,1,4,5.633,32.933,546.93,0,A 5
5 A 1998,1,1998,A,5,9,0,0,1,F,1,4,17.767,16.333,724.6,0,A 5
5 A 1999,1,1999,A,5,9,0,0,1,O,1,5,42.467,18.133,842.67,0,A 5
5 A 2000,1,2000,A,5,9,0,0,1,F,1,4,7.633,39.033,460.07,0,A 5
5 A 2001,1,2001,A,5,9,0,0,1,O,1,4,39.8,30.767,585.7,0,A 5
5 A 2002,1,2002,A,5,9,0,0,1,C4,1,6,36.567,4.967,183.77,0,A 5
5 A 2003,1,2003,A,5,9,0,0,1,C4,1,3,59.5,7.367,221.67,0,A 5
5 A 2004,1,2004,A,5,9,0,0,1,F,1,6,126.97,5.6667,0.8667,0,A 5
NA,NA,NA,NA,NA,NA,NA,NA,NA,NA,NA,NA,NA,NA,NA,NA,NA
5 A 2008,1,2008,A,5,9,0,0,1,C3,1,7,26.62,22,0,0,A 5
NA,NA,NA,NA,NA,NA,NA,NA,NA,NA,NA,NA,NA,NA,NA,NA,NA
12 A 1982,1,1982,A,12,1,0,0,1,F,1,19,34.433,0.61,234.67,0,A 12
12 A 1983,1,1983,A,12,1,0,0,1,F,1,14,67.533,0,96.833,0,A 12
12 A 1984,1,1984,A,12,1,0,0,1,F,1,13,39,0,174.63,0,A 12
12 A 1985,1,1985,A,12,1,0,0,1,F,1,14,77.967,22.94,423.07,0,A 12
12 A 1986,1,1986,A,12,1,0,0,1,F,1,10,18.713,0,237.37,0,A 12
12 A 1987,1,1987,A,12,1,0,0,1,F,1,10,29.267,87.233,447.6,0,A 12
12 A 1988,1,1988,A,12,1,0,0,1,F,1,7,7.633,0.067,294.6,0,A 12
12 A 1989,1,1989,A,12,1,0,0,1,C4,1,4,62.267,5.7,504.77,0,A 12
12 A 1990,1,1990,A,12,1,0,0,1,F,1,7,25.133,0,240.87,0,A 12
12 A 1991,1,1991,A,12,1,0,0,1,S,1,4,65,13.867,477.47,0,A 12
12 A 1992,1,1992,A,12,1,0,0,1,F,1,6,28.7,25.667,366.63,0,A 12
12 A 1993,1,1993,A,12,1,0,0,1,F,1,10,51.967,21.3,213.77,0,A 12
12 A 1994,1,1994,A,12,1,0,0,1,C3,1,3,23.767,41.867,408.53,0,A 12
12 A 1995,1,1995,A,12,1,0,0,1,F,1,7,43.1,81.067,385.83,0,A 12
12 A 1996,1,1996,A,12,1,0,0,1,S,1,4,58.267,24.033,447.87,0,A 12
12 A 1997,1,1997,A,12,1,0,0,1,S,1,4,12.6,105.73,510.93,0,A 12
12 A 1998,1,1998,A,12,1,0,0,1,S,1,4,48.567,23.167,612.47,0,A 12
12 A 1999,1,1999,A,12,1,0,0,1,F,1,5,24.133,50.067,719.17,0,A 12
12 A 2000,1,2000,A,12,1,0,0,1,F,1,5,33.833,24.667,451.63,0,A 12
12 A 2001,1,2001,A,12,1,0,0,1,F,1,8,29.567,1.9,303.27,0,A 12
12 A 2002,1,2002,A,12,1,0,0,1,C4,1,7,19.267,11.633,347.93,0,A 12
12 A 2003,1,2003,A,12,1,0,0,1,F,1,5,52.733,32.933,768,0,A 12
12 A 2004,1,2004,A,12,1,0,0,1,F,1,6,40.967,2.7,1,0,A 12
NA,NA,NA,NA,NA,NA,NA,NA,NA,NA,NA,NA,NA,NA,NA,NA,NA
12 A 2008,1,2008,A,12,1,0,0,1,C3,1,6,18.02,15.03,0.33,0,A 12
NA,NA,NA,NA,NA,NA,NA,NA,NA,NA,NA,NA,NA,NA,NA,NA,NA
20 A 1982,1,1982,A,20,9,0,0,1,F,1,9,45.067,0,247.3,0,A 20
20 A 1983,1,1983,A,20,9,0,0,1,C4,1,11,46.1,0,253.8,0,A 20
20 A 1984,1,1984,A,20,9,0,0,1,G,1,13,56,0,96.733,0,A 20
20 A 1985,1,1985,A,20,9,0,0,1,F,1,12,94.7,0,259.53,0,A 20
20 A 1986,1,1986,A,20,9,0,0,1,F,1,18,110.23,0,515.47,0,A 20
20 A 1987,1,1987,A,20,9,0,0,1,F,1,10,70.94,0,158.83,0,A 20
20 A 1988,1,1988,A,20,9,0,0,1,C4,1,6,26.8,0,198.2,0,A 20
20 A 1989,1,1989,A,20,9,0,0,1,F,1,5,62.833,0,251.27,0,A 20
20 A 1990,1,1990,A,20,9,0,0,1,F,1,8,26.733,0,91.927,0,A 20
20 A 1991,1,1991,A,20,9,0,0,1,F,1,10,29.433,37.9,188.63,0,A 20
20 A 1992,1,1992,A,20,9,0,0,1,F,1,8,34.633,10.633,241.73,0,A 20
20 A 1993,1,1993,A,20,9,0,0,1,C3,1,14,24.133,49.867,155.9,0,A 20
20 A 1994,1,1994,A,20,9,0,0,1,F,1,8,3,80.6,331.03,0,A 20
20 A 1995,1,1995,A,20,9,0,0,1,F,1,10,5.967,89.767,314.87,0,A 20
20 A 1996,1,1996,A,20,9,0,0,1,F,1,5,5.7,96.4,358.47,0,A 20
20 A 1997,1,1997,A,20,9,0,0,1,F,1,4,2.6,44.4,475.8,0,A 20
20 A 1998,1,1998,A,20,9,0,0,1,F,1,5,5.233,104.43,383.77,0,A 20
20 A 1999,1,1999,A,20,9,0,0,1,F,1,4,1.1,135.03,579.3,0,A 20
20 A 2000,1,2000,A,20,9,0,0,1,C3,1,5,0.1,79.367,315.67,0,A 20
20 A 2001,1,2001,A,20,9,0,0,1,C4,1,2,0,31.803,389.83,0,A 20
20 A 2002,1,2002,A,20,9,0,0,1,F,1,4,0.833,60.767,543.07,0,A 20
20 A 2003,1,2003,A,20,9,0,0,1,L,1,5,1.6,35,427.83,0,A 20
20 A 2004,1,2004,A,20,9,0,0,1,F,1,7,4.44,29.893,0.26,0,A 20
NA,NA,NA,NA,NA,NA,NA,NA,NA,NA,NA,NA,NA,NA,NA,NA,NA
20 A 2008,1,2008,A,20,9,0,0,1,F,1,6,4.2,27.53,1.13,0,A 20
NA,NA,NA,NA,NA,NA,NA,NA,NA,NA,NA,NA,NA,NA,NA,NA,NA
22 A 1982,1,1982,A,22,1,0,0,1,F,1,15,33.8,0,158.77,0,A 22
22 A 1983,1,1983,A,22,1,0,0,1,F,1,13,65.333,0,246.7,0,A 22
22 A 1984,1,1984,A,22,1,0,0,1,F,1,17,70.433,0,97.643,0,A 22
22 A 1985,1,1985,A,22,1,0,0,1,C4,1,10,100.03,0,175.17,0,A 22
22 A 1986,1,1986,A,22,1,0,0,1,F,1,21,78.833,0,229.6,0,A 22
22 A 1987,1,1987,A,22,1,0,0,1,L,1,13,73.64,0,367.87,0,A 22
22 A 1988,1,1988,A,22,1,0,0,1,C4,1,8,32,0.067,316.6,0,A 22
22 A 1989,1,1989,A,22,1,0,0,1,F,1,10,115.03,0.6,218.8,0,A 22
22 A 1990,1,1990,A,22,1,0,0,1,F,1,13,45.39,8.933,160.03,0,A 22
22 A 1991,1,1991,A,22,1,0,0,1,F,1,10,42.5,9.533,189.5,0,A 22
22 A 1992,1,1992,A,22,1,0,0,1,F,1,8,17.8,17.6,456.53,0,A 22
22 A 1993,1,1993,A,22,1,0,0,1,F,1,16,32.1,16.9,310,0,A 22
22 A 1994,1,1994,A,22,1,0,0,1,F,1,11,14.433,43,292.43,0,A 22
22 A 1995,1,1995,A,22,1,0,0,1,F,1,8,16.1,64.933,424.47,0,A 22
22 A 1996,1,1996,A,22,1,0,0,1,F,1,7,31.967,75.467,502.67,0,A 22
22 A 1997,1,1997,A,22,1,0,0,1,F,1,4,5.767,88.633,606.6,0,A 22
22 A 1998,1,1998,A,22,1,0,0,1,C3,1,3,8.133,131.43,616.73,0,A 22
22 A 1999,1,1999,A,22,1,0,0,1,F,1,5,17.067,77.933,729.7,0,A 22
22 A 2000,1,2000,A,22,1,0,0,1,F,1,6,18,113.1,720.43,0,A 22
22 A 2001,1,2001,A,22,1,0,0,1,F,1,5,33.3,87.3,499.93,0,A 22
22 A 2002,1,2002,A,22,1,0,0,1,F,1,5,17.5,36.967,976.87,0,A 22
22 A 2003,1,2003,A,22,1,0,0,1,C4,1,4,26.333,6.467,374.1,0,A 22
22 A 2004,1,2004,A,22,1,0,0,1,F,1,6,48.22,3.57,23.47,0,A 22
NA,NA,NA,NA,NA,NA,NA,NA,NA,NA,NA,NA,NA,NA,NA,NA,NA
22 A 2008,1,2008,A,22,1,0,0,1,C3,1,7,21.87,32.95,0.49,0,A 22
NA,NA,NA,NA,NA,NA,NA,NA,NA,NA,NA,NA,NA,NA,NA,NA,NA
33 A 1982,1,1982,A,33,9,0,0,1,F,1,11,34.4,0,177.4,0,A 33
33 A 1983,1,1983,A,33,9,0,0,1,F,1,12,19.467,0,208.33,0,A 33
33 A 1984,1,1984,A,33,9,0,0,1,F,1,16,27.333,0,80.667,0,A 33
33 A 1985,1,1985,A,33,9,0,0,1,O,1,7,196.53,0,246,0,A 33
33 A 1986,1,1986,A,33,9,0,0,1,F,1,19,45.4,0,213.4,0,A 33
33 A 1987,1,1987,A,33,9,0,0,1,C4,1,13,52.17,0,205.07,0,A 33
33 A 1988,1,1988,A,33,9,0,0,1,L,1,8,14.167,0,201.87,0,A 33
33 A 1989,1,1989,A,33,9,0,0,1,F,1,8,64.9,0.733,194.83,0,A 33
33 A 1990,1,1990,A,33,9,0,0,1,F,1,11,14.767,0,125.5,0,A 33
33 A 1991,1,1991,A,33,9,0,0,1,C4,1,16,54.133,5.7,204.07,0,A 33
33 A 1992,1,1992,A,33,9,0,0,1,F,1,12,8.867,22,306.63,0,A 33
33 A 1993,1,1993,A,33,9,0,0,1,C4,1,13,19.733,5.3,188.63,0,A 33
33 A 1994,1,1994,A,33,9,0,0,1,F,1,10,8.817,17.157,388.77,0,A 33
33 A 1995,1,1995,A,33,9,0,0,1,F,1,13,10.633,61.967,366.07,0,A 33
33 A 1996,1,1996,A,33,9,0,0,1,O,1,6,17.333,25.8,343.63,0,A 33
33 A 1997,1,1997,A,33,9,0,0,1,F,1,7,3.067,61.2,531.83,0,A 33
33 A 1998,1,1998,A,33,9,0,0,1,L,1,8,8.033,65.233,400,0,A 33
33 A 1999,1,1999,A,33,9,0,0,1,L,1,7,6.833,111.27,683.7,0,A 33
33 A 2000,1,2000,A,33,9,0,0,1,C3,1,7,3.833,77.867,488.2,0,A 33
33 A 2001,1,2001,A,33,9,0,0,1,F,1,11,11.233,45.25,524.9,0,A 33
33 A 2002,1,2002,A,33,9,0,0,1,F,1,4,6.167,31.1,372.33,0,A 33
33 A 2003,1,2003,A,33,9,0,0,1,F,1,4,19.867,2.433,248.87,0,A 33
33 A 2004,1,2004,A,33,9,0,0,1,F,1,11,33.967,32.4,4.0667,0,A 33
NA,NA,NA,NA,NA,NA,NA,NA,NA,NA,NA,NA,NA,NA,NA,NA,NA
33 A 2008,1,2008,A,33,9,0,0,1,F,1,8,14.58,24.27,4.93,0,A 33
NA,NA,NA,NA,NA,NA,NA,NA,NA,NA,NA,NA,NA,NA,NA,NA,NA
45 A 1982,1,1982,A,45,1,0,0,1,C4,1,11,28.4,0,52.267,0,A 45
45 A 1983,1,1983,A,45,1,0,0,1,F,1,9,68.467,0,96.8,0,A 45
45 A 1984,1,1984,A,45,1,0,0,1,F,1,13,150.23,0,128.13,0,A 45
45 A 1985,1,1985,A,45,1,0,0,1,F,1,13,117.5,0,170.67,0,A 45
45 A 1986,1,1986,A,45,1,0,0,1,F,1,12,57.967,0,299.9,0,A 45
45 A 1987,1,1987,A,45,1,0,0,1,F,1,10,62.08,0,302.47,0,A 45
45 A 1988,1,1988,A,45,1,0,0,1,F,1,6,11.3,0.067,358.5,0,A 45
45 A 1989,1,1989,A,45,1,0,0,1,F,1,10,176.9,0,282.3,0,A 45
45 A 1990,1,1990,A,45,1,0,0,1,F,1,5,29.867,0,181.07,0,A 45
45 A 1991,1,1991,A,45,1,0,0,1,C4,1,7,101.4,0,394.83,0,A 45
45 A 1992,1,1992,A,45,1,0,0,1,F,1,5,27.933,1.2,374.2,0,A 45
45 A 1993,1,1993,A,45,1,0,0,1,F,1,8,34.533,0,371.43,0,A 45
45 A 1994,1,1994,A,45,1,0,0,1,F,1,4,32.733,0,310.8,0,A 45
45 A 1995,1,1995,A,45,1,0,0,1,F,1,11,30.767,0.967,411.27,0,A 45
45 A 1996,1,1996,A,45,1,0,0,1,C4,1,4,49.1,11.733,444.87,0,A 45
45 A 1997,1,1997,A,45,1,0,0,1,F,1,7,13.933,0.567,480.6,0,A 45
45 A 1998,1,1998,A,45,1,0,0,1,F,1,4,40.433,0,464.77,0,A 45
45 A 1999,1,1999,A,45,1,0,0,1,F,1,5,53.96,0,644.99,0,A 45
45 A 2000,1,2000,A,45,1,0,0,1,C4,1,4,16.9,2.6,349.7,0,A 45
45 A 2001,1,2001,A,45,1,0,0,1,F,1,6,21.067,0.12,372.4,0,A 45
45 A 2002,1,2002,A,45,1,0,0,1,F,1,4,10.7,0,336.37,0,A 45
45 A 2003,1,2003,A,45,1,0,0,1,F,1,5,26.367,22.3,271.63,0,A 45
45 A 2004,1,2004,A,45,1,0,0,1,F,1,8,47.803,12.443,6.7533,0,A 45
NA,NA,NA,NA,NA,NA,NA,NA,NA,NA,NA,NA,NA,NA,NA,NA,NA
45 A 2008,1,2008,A,45,1,0,0,1,F,1,7,29.05,17.12,1.28,0,A 45
NA,NA,NA,NA,NA,NA,NA,NA,NA,NA,NA,NA,NA,NA,NA,NA,NA
46 A 1982,1,1982,A,46,9,0,0,1,C3,1,6,52.467,0,72.667,0,A 46
46 A 1983,1,1983,A,46,9,0,0,1,F,1,15,3.733,0,134.47,0,A 46
46 A 1984,1,1984,A,46,9,0,0,1,F,1,21,22.867,0,116.67,0,A 46
46 A 1985,1,1985,A,46,9,0,0,1,S,1,15,115.93,0,180.7,0,A 46
46 A 1986,1,1986,A,46,9,0,0,1,F,1,17,43.367,0,124.9,0,A 46
46 A 1987,1,1987,A,46,9,0,0,1,F,1,10,88.467,0,348,0,A 46
46 A 1988,1,1988,A,46,9,0,0,1,C4,1,6,16.133,0,246.1,0,A 46
46 A 1989,1,1989,A,46,9,0,0,1,F,1,5,112.47,0,176.1,0,A 46
46 A 1990,1,1990,A,46,9,0,0,1,F,1,9,32.233,0,181.2,0,A 46
46 A 1991,1,1991,A,46,9,0,0,1,F,1,14,65.267,20.667,431.37,0,A 46
46 A 1992,1,1992,A,46,9,0,0,1,F,1,10,28.6,0,304.6,0,A 46
46 A 1993,1,1993,A,46,9,0,0,1,F,1,13,41.733,2.167,182.03,0,A 46
46 A 1994,1,1994,A,46,9,0,0,1,F,1,10,14.3,22.133,234.57,0,A 46
46 A 1995,1,1995,A,46,9,0,0,1,F,1,10,31.667,13.133,505,0,A 46
46 A 1996,1,1996,A,46,9,0,0,1,F,1,8,12.333,89.333,539.77,0,A 46
46 A 1997,1,1997,A,46,9,0,0,1,F,1,6,8.433,19.733,548.43,0,A 46
46 A 1998,1,1998,A,46,9,0,0,1,F,1,4,5.267,75.967,608.27,0,A 46
46 A 1999,1,1999,A,46,9,0,0,1,F,1,5,29.2,35.363,395.15,0,A 46
46 A 2000,1,2000,A,46,9,0,0,1,F,1,8,19.533,59.267,570.07,0,A 46
46 A 2001,1,2001,A,46,9,0,0,1,F,1,4,5.86,63.927,501.07,0,A 46
46 A 2002,1,2002,A,46,9,0,0,1,F,1,6,17.2,20.7,575.47,0,A 46
46 A 2003,1,2003,A,46,9,0,0,1,F,1,5,7.7,48.467,995.07,0,A 46
46 A 2004,1,2004,A,46,9,0,0,1,F,1,6,32.39,37.613,2.8133,0,A 46
NA,NA,NA,NA,NA,NA,NA,NA,NA,NA,NA,NA,NA,NA,NA,NA,NA
46 A 2008,1,2008,A,46,9,0,0,1,F,1,12,11.97,31.92,9.08,0,A 46
NA,NA,NA,NA,NA,NA,NA,NA,NA,NA,NA,NA,NA,NA,NA,NA,NA
47 A 1982,1,1982,A,47,9,0,0,1,F,1,14,13.867,0,81.467,0,A 47
47 A 1983,1,1983,A,47,9,0,0,1,F,1,11,104.9,0,242.07,0,A 47
47 A 1984,1,1984,A,47,9,0,0,1,F,1,16,171.37,0,274.4,0,A 47
47 A 1985,1,1985,A,47,9,0,0,1,F,1,15,67.933,16.887,221.53,0,A 47
47 A 1986,1,1986,A,47,9,0,0,1,F,1,16,71.167,0.633,418.57,0,A 47
47 A 1987,1,1987,A,47,9,0,0,1,F,1,11,31.967,0,325.13,0,A 47
47 A 1988,1,1988,A,47,9,0,0,1,F,1,7,17.067,2.967,313.13,0,A 47
47 A 1989,1,1989,A,47,9,0,0,1,F,1,9,74.1,2.433,305.13,0,A 47
47 A 1990,1,1990,A,47,9,0,0,1,F,1,13,31,38.233,218.7,0,A 47
47 A 1991,1,1991,A,47,9,0,0,1,F,1,8,30.567,42.8,598.4,0,A 47
47 A 1992,1,1992,A,47,9,0,0,1,F,1,10,17.433,75.467,497.87,0,A 47
47 A 1993,1,1993,A,47,9,0,0,1,F,1,12,19.067,58.667,430.73,0,A 47
47 A 1994,1,1994,A,47,9,0,0,1,F,1,5,16,4.1,391.2,0,A 47
47 A 1995,1,1995,A,47,9,0,0,1,F,1,7,6.667,112.33,668.33,0,A 47
47 A 1996,1,1996,A,47,9,0,0,1,F,1,4,27.1,25.333,664.07,0,A 47
47 A 1997,1,1997,A,47,9,0,0,1,C3,1,3,3.9,88.433,603,0,A 47
47 A 1998,1,1998,A,47,9,0,0,1,F,1,4,15.667,80.9,650.43,0,A 47
47 A 1999,1,1999,A,47,9,0,0,1,C3,1,3,2.37,58.577,410.99,0,A 47
47 A 2000,1,2000,A,47,9,0,0,1,F,1,5,3.567,133.33,722.77,0,A 47
47 A 2001,1,2001,A,47,9,0,0,1,F,1,5,11.24,48.4,396.2,0,A 47
47 A 2002,1,2002,A,47,9,0,0,1,F,1,4,10.233,42.267,591.83,0,A 47
47 A 2003,1,2003,A,47,9,0,0,1,C4,1,3,15.967,9.7,358.8,0,A 47
47 A 2004,1,2004,A,47,9,0,0,1,C4,1,7,49.44,39.86,4.2967,0,A 47
NA,NA,NA,NA,NA,NA,NA,NA,NA,NA,NA,NA,NA,NA,NA,NA,NA
47 A 2008,1,2008,A,47,9,0,0,1,F,1,10,0,35.73,7.97,0,A 47
NA,NA,NA,NA,NA,NA,NA,NA,NA,NA,NA,NA,NA,NA,NA,NA,NA
50 A 1982,1,1982,A,50,1,0,0,1,F,1,12,81.2,0,369.17,0,A 50
50 A 1983,1,1983,A,50,1,0,0,1,F,1,12,78.1,0,116.2,0,A 50
50 A 1984,1,1984,A,50,1,0,0,1,F,1,12,115.08,0,176.33,0,A 50
50 A 1985,1,1985,A,50,1,0,0,1,F,1,7,55.467,0,299.77,0,A 50
50 A 1986,1,1986,A,50,1,0,0,1,F,1,11,57.423,0,445.77,0,A 50
50 A 1987,1,1987,A,50,1,0,0,1,F,1,6,53.667,0,302.33,0,A 50
50 A 1988,1,1988,A,50,1,0,0,1,O,1,3,9.2,0,377.53,0,A 50
50 A 1989,1,1989,A,50,1,0,0,1,F,1,4,164.4,0,430.03,0,A 50
50 A 1990,1,1990,A,50,1,0,0,1,F,1,6,30.4,18.233,441.47,0,A 50
50 A 1991,1,1991,A,50,1,0,0,1,F,1,8,105.7,0.467,401.73,0,A 50
50 A 1992,1,1992,A,50,1,0,0,1,F,1,6,23.9,4.767,378.57,0,A 50
50 A 1993,1,1993,A,50,1,0,0,1,F,1,10,30.233,16.233,438.8,0,A 50
50 A 1994,1,1994,A,50,1,0,0,1,O,1,6,37.467,0,434.9,0,A 50
50 A 1995,1,1995,A,50,1,0,0,1,F,1,5,31.1,113.37,518.63,0,A 50
50 A 1996,1,1996,A,50,1,0,0,1,O,1,6,54.333,23.833,547.4,0,A 50
50 A 1997,1,1997,A,50,1,0,0,1,F,1,5,17.6,18.5,493.8,0,A 50
50 A 1998,1,1998,A,50,1,0,0,1,F,1,6,32.567,17.733,564.6,0,A 50
50 A 1999,1,1999,A,50,1,0,0,1,C3,1,3,16.04,53.473,633.74,0,A 50
50 A 2000,1,2000,A,50,1,0,0,1,F,1,7,11.133,21.567,212.13,0,A 50
50 A 2001,1,2001,A,50,1,0,0,1,L,1,6,23.367,0,518.23,0,A 50
50 A 2002,1,2002,A,50,1,0,0,1,F,1,5,27.6,26.567,378.03,0,A 50
50 A 2003,1,2003,A,50,1,0,0,1,F,1,4,18.667,17.067,437.13,0,A 50
50 A 2004,1,2004,A,50,1,0,0,1,C4,1,9,84.3,11.867,0.2,0,A 50
NA,NA,NA,NA,NA,NA,NA,NA,NA,NA,NA,NA,NA,NA,NA,NA,NA
50 A 2008,1,2008,A,50,1,0,0,1,F,1,9,27.03,0,2.87,0,A 50
NA,NA,NA,NA,NA,NA,NA,NA,NA,NA,NA,NA,NA,NA,NA,NA,NA
53 A 1982,1,1982,A,53,1,0,0,1,F,1,13,40.3,0,144.33,0,A 53
53 A 1983,1,1983,A,53,1,0,0,1,F,1,15,56.3,0.433,88.567,0,A 53
53 A 1984,1,1984,A,53,1,0,0,1,C4,1,16,123.37,0,148.07,0,A 53
53 A 1985,1,1985,A,53,1,0,0,1,F,1,12,87.3,0,210.67,0,A 53
53 A 1986,1,1986,A,53,1,0,0,1,L,1,14,80.467,0,345.7,0,A 53
53 A 1987,1,1987,A,53,1,0,0,1,F,1,8,68.233,0,375.2,0,A 53
53 A 1988,1,1988,A,53,1,0,0,1,F,1,5,16.167,0.633,347,0,A 53
53 A 1989,1,1989,A,53,1,0,0,1,F,1,7,56.133,0,466.77,0,A 53
53 A 1990,1,1990,A,53,1,0,0,1,F,1,4,53.533,0,736.1,0,A 53
53 A 1991,1,1991,A,53,1,0,0,1,F,1,10,100.4,0,317.97,0,A 53
53 A 1992,1,1992,A,53,1,0,0,1,F,1,7,61.133,6.5,380.1,0,A 53
53 A 1993,1,1993,A,53,1,0,0,1,C3,1,9,71.5,4.767,485.57,0,A 53
53 A 1994,1,1994,A,53,1,0,0,1,F,1,9,42.153,2.503,251,0,A 53
53 A 1995,1,1995,A,53,1,0,0,1,F,1,4,72.067,20.1,611.9,0,A 53
53 A 1996,1,1996,A,53,1,0,0,1,O,1,3,61.9,0,390.9,0,A 53
53 A 1997,1,1997,A,53,1,0,0,1,O,1,6,21.833,13.967,497.1,0,A 53
53 A 1998,1,1998,A,53,1,0,0,1,L,1,5,79.1,9.633,535.27,0,A 53
53 A 1999,1,1999,A,53,1,0,0,1,F,1,5,65.537,23.84,848.4,0,A 53
53 A 2000,1,2000,A,53,1,0,0,1,F,1,6,38.5,1.9,395.4,0,A 53
53 A 2001,1,2001,A,53,1,0,0,1,C4,1,6,80.333,14.833,286.93,0,A 53
53 A 2002,1,2002,A,53,1,0,0,1,F,1,4,59.9,3.3,402.6,0,A 53
53 A 2003,1,2003,A,53,1,0,0,1,C4,1,4,55.633,2.533,289.33,0,A 53
53 A 2004,1,2004,A,53,1,0,0,1,,0,6,70.73,0.2267,0.1433,0,A 53
NA,NA,NA,NA,NA,NA,NA,NA,NA,NA,NA,NA,NA,NA,NA,NA,NA
53 A 2008,1,2008,A,53,1,0,0,1,C3,1,12,29.78,9.77,3.85,0,A 53
NA,NA,NA,NA,NA,NA,NA,NA,NA,NA,NA,NA,NA,NA,NA,NA,NA
54 A 1982,1,1982,A,54,1,0,0,1,C3,1,12,41,0,122.33,0,A 54
54 A 1983,1,1983,A,54,1,0,0,1,C4,1,14,63.833,0,204.9,0,A 54
54 A 1984,1,1984,A,54,1,0,0,1,F,1,16,89.993,0,85.52,0,A 54
54 A 1985,1,1985,A,54,1,0,0,1,F,1,9,88.9,0,314.23,0,A 54
54 A 1986,1,1986,A,54,1,0,0,1,F,1,13,65,0,410.2,0,A 54
54 A 1987,1,1987,A,54,1,0,0,1,F,1,6,87.6,0,288.9,0,A 54
54 A 1988,1,1988,A,54,1,0,0,1,C3,1,2,2.367,0,457.63,0,A 54
54 A 1989,1,1989,A,54,1,0,0,1,F,1,4,124.63,0,548.23,0,A 54
54 A 1990,1,1990,A,54,1,0,0,1,C3,1,2,31.267,0,459.63,0,A 54
54 A 1991,1,1991,A,54,1,0,0,1,O,1,4,101.23,0,300.1,0,A 54
54 A 1992,1,1992,A,54,1,0,0,1,C3,1,2,37.2,0,315.1,0,A 54
54 A 1993,1,1993,A,54,1,0,0,1,F,1,6,53.9,0,333.6,0,A 54
54 A 1994,1,1994,A,54,1,0,0,1,O,1,4,43.367,0,340.03,0,A 54
54 A 1995,1,1995,A,54,1,0,0,1,F,1,3,44.333,0,513.33,0,A 54
54 A 1996,1,1996,A,54,1,0,0,1,C3,1,2,78.367,0,443.43,0,A 54
54 A 1997,1,1997,A,54,1,0,0,1,O,1,3,32.767,0,449.13,0,A 54
54 A 1998,1,1998,A,54,1,0,0,1,L,1,3,40.767,0,502.53,0,A 54
54 A 1999,1,1999,A,54,1,0,0,1,C3,1,2,54.03,0,918.84,0,A 54
54 A 2000,1,2000,A,54,1,0,0,1,F,1,4,24.733,0,561.63,0,A 54
54 A 2001,1,2001,A,54,1,0,0,1,C4,1,4,52.457,0.083,463.6,0,A 54
54 A 2002,1,2002,A,54,1,0,0,1,C3,1,2,27.9,0,432.5,0,A 54
54 A 2003,1,2003,A,54,1,0,0,1,W,1,4,25.067,0.7,218.87,0,A 54
54 A 2004,1,2004,A,54,1,0,0,1,L,1,5,26.043,1.83,2.3533,0,A 54
NA,NA,NA,NA,NA,NA,NA,NA,NA,NA,NA,NA,NA,NA,NA,NA,NA
54 A 2008,1,2008,A,54,1,0,0,1,F,1,7,35.6,0,1.03,0,A 54
NA,NA,NA,NA,NA,NA,NA,NA,NA,NA,NA,NA,NA,NA,NA,NA,NA
1 B 1982,1,1982,B,1,1,0,0,1,C4,1,7,0,70.833,458.03,0,B 1
1 B 1983,1,1983,B,1,1,0,0,1,F,1,6,1.833,84.867,179.27,0,B 1
1 B 1984,1,1984,B,1,1,0,0,1,F,1,11,4.567,90.067,307.73,0,B 1
1 B 1985,1,1985,B,1,1,0,0,1,F,1,8,0,102.97,658.43,0,B 1
1 B 1986,1,1986,B,1,1,0,0,1,F,1,9,0,106.77,465.03,0,B 1
1 B 1987,1,1987,B,1,1,0,0,1,C4,1,7,0,203.97,721.13,0,B 1
1 B 1988,1,1988,B,1,1,0,0,1,C3,1,5,0.367,90.533,672.23,0,B 1
1 B 1989,1,1989,B,1,1,0,0,1,F,1,6,0,98.567,347.6,0,B 1
1 B 1990,1,1990,B,1,1,0,0,1,F,1,5,5.367,76.53,628.8,0,B 1
1 B 1991,1,1991,B,1,1,0,0,1,C4,1,6,0,50.833,212.5,0,B 1
1 B 1992,1,1992,B,1,1,0,0,1,F,1,9,4.55,77.627,468.9,0,B 1
1 B 1993,1,1993,B,1,1,0,0,1,F,1,13,0,50.567,343.7,0,B 1
1 B 1994,1,1994,B,1,1,0,0,1,F,1,9,0,78.4,263.37,0,B 1
1 B 1995,1,1995,B,1,1,0,0,1,F,1,12,9.233,73.6,68.533,0,B 1
1 B 1996,1,1996,B,1,1,0,0,1,F,1,11,0,73.467,167.5,0,B 1
1 B 1997,1,1997,B,1,1,0,0,1,F,1,10,6.7,56.833,190.4,0,B 1
1 B 1998,1,1998,B,1,1,0,0,1,F,1,8,0,55.667,19.4,0,B 1
1 B 1999,1,1999,B,1,1,0,0,1,F,1,8,6.477,73.603,196.22,0,B 1
1 B 2000,1,2000,B,1,1,0,0,1,G,1,12,0.233,24.5,130.3,0,B 1
1 B 2001,1,2001,B,1,1,0,0,1,C3,1,14,0.037,40.9,315.63,0,B 1
1 B 2002,1,2002,B,1,1,0,0,1,F,1,13,4.267,51.267,251.2,0,B 1
1 B 2003,1,2003,B,1,1,0,0,1,F,1,14,0.297,38.633,232.3,0,B 1
1 B 2004,1,2004,B,1,1,0,0,1,F,1,10,3.3,16.533,6.5,0,B 1
NA,NA,NA,NA,NA,NA,NA,NA,NA,NA,NA,NA,NA,NA,NA,NA,NA
1 B 2008,1,2008,B,1,1,0,0,1,F,1,14,3.45,19.87,0.81,0,B 1
NA,NA,NA,NA,NA,NA,NA,NA,NA,NA,NA,NA,NA,NA,NA,NA,NA
6 B 1982,1,1982,B,6,9,0,0,1,F,1,8,0,124.27,617.1,0,B 6
6 B 1983,1,1983,B,6,9,0,0,1,F,1,4,0,78.333,175.3,0,B 6
6 B 1984,1,1984,B,6,9,0,0,1,F,1,8,0,41.1,159.23,0,B 6
6 B 1985,1,1985,B,6,9,0,0,1,F,1,7,0,95.067,794.4,0,B 6
6 B 1986,1,1986,B,6,9,0,0,1,F,1,6,0,83.4,241.33,0,B 6
6 B 1987,1,1987,B,6,9,0,0,1,F,1,8,0,90.6,460.27,0,B 6
6 B 1988,1,1988,B,6,9,0,0,1,C3,1,4,0,80.8,873.8,0,B 6
6 B 1989,1,1989,B,6,9,0,0,1,F,1,6,0,92.433,159.93,0,B 6
6 B 1990,1,1990,B,6,9,0,0,1,C3,1,4,0,66.113,117.53,0,B 6
6 B 1991,1,1991,B,6,9,0,0,1,F,1,6,0,88.013,213.67,0,B 6
6 B 1992,1,1992,B,6,9,0,0,1,F,1,7,0,132.83,278.97,0,B 6
6 B 1993,1,1993,B,6,9,0,0,1,F,1,10,0,101.7,175.97,0,B 6
6 B 1994,1,1994,B,6,9,0,0,1,F,1,7,1.067,89.933,301.27,0,B 6
6 B 1995,1,1995,B,6,9,0,0,1,F,1,8,0,128.57,92.6,0,B 6
6 B 1996,1,1996,B,6,9,0,0,1,C3,1,8,0,89.8,264.07,0,B 6
6 B 1997,1,1997,B,6,9,0,0,1,F,1,5,0,82.667,116.17,0,B 6
6 B 1998,1,1998,B,6,9,0,0,1,F,1,9,0,81.633,262.87,0,B 6
6 B 1999,1,1999,B,6,9,0,0,1,F,1,10,0,114.56,269.37,0,B 6
6 B 2000,1,2000,B,6,9,0,0,1,F,1,5,0,63.367,0,0,B 6
6 B 2001,1,2001,B,6,9,0,0,1,F,1,6,0,69.8,249.17,0,B 6
6 B 2002,1,2002,B,6,9,0,0,1,F,1,7,0,54.533,77.767,0,B 6
6 B 2003,1,2003,B,6,9,0,0,1,O,1,7,0,47.6,247.67,0,B 6
6 B 2004,1,2004,B,6,9,0,0,1,F,1,8,0,38.033,8.7667,0,B 6
NA,NA,NA,NA,NA,NA,NA,NA,NA,NA,NA,NA,NA,NA,NA,NA,NA
6 B 2008,1,2008,B,6,9,0,0,1,F,1,6,0,12.6,0,0,B 6
NA,NA,NA,NA,NA,NA,NA,NA,NA,NA,NA,NA,NA,NA,NA,NA,NA
11 B 1982,1,1982,B,11,1,0,0,1,C3,1,11,0,20.667,379.67,0,B 11
11 B 1983,1,1983,B,11,1,0,0,1,C4,1,11,0.6,85.2,299.3,0,B 11
11 B 1984,1,1984,B,11,1,0,0,1,F,1,9,0,23.033,54.233,0,B 11
11 B 1985,1,1985,B,11,1,0,0,1,F,1,12,0,61.133,217.4,0,B 11
11 B 1986,1,1986,B,11,1,0,0,1,F,1,12,0,51.233,236.5,0,B 11
11 B 1987,1,1987,B,11,1,0,0,1,C4,1,11,0,87.1,223.03,0,B 11
11 B 1988,1,1988,B,11,1,0,0,1,C3,1,5,0,47.967,237.8,0,B 11
11 B 1989,1,1989,B,11,1,0,0,1,F,1,9,0,83.9,154.23,0,B 11
11 B 1990,1,1990,B,11,1,0,0,1,F,1,11,0.267,72.97,140.4,0,B 11
11 B 1991,1,1991,B,11,1,0,0,1,F,1,10,0,77.587,127.37,0,B 11
11 B 1992,1,1992,B,11,1,0,0,1,F,1,12,0.22,70.243,204.13,0,B 11
11 B 1993,1,1993,B,11,1,0,0,1,F,1,13,4.9,90.333,128.83,0,B 11
11 B 1994,1,1994,B,11,1,0,0,1,F,1,10,0,50.8,139.07,0,B 11
11 B 1995,1,1995,B,11,1,0,0,1,F,1,9,1.033,91.367,117.27,0,B 11
11 B 1996,1,1996,B,11,1,0,0,1,F,1,11,0,70.1,126.87,0,B 11
11 B 1997,1,1997,B,11,1,0,0,1,F,1,12,0.267,93,123.37,0,B 11
11 B 1998,1,1998,B,11,1,0,0,1,F,1,10,0,88.433,444.97,0,B 11
11 B 1999,1,1999,B,11,1,0,0,1,F,1,8,0,128.27,171.67,0,B 11
11 B 2000,1,2000,B,11,1,0,0,1,F,1,9,0,87.7,130.47,0,B 11
11 B 2001,1,2001,B,11,1,0,0,1,F,1,9,0,110.6,403.97,0,B 11
11 B 2002,1,2002,B,11,1,0,0,1,F,1,11,2.02,81.767,167.57,0,B 11
11 B 2003,1,2003,B,11,1,0,0,1,O,1,5,0,56.533,95,0,B 11
11 B 2004,1,2004,B,11,1,0,0,1,C3,1,6,0,47.3,4.2667,0,B 11
NA,NA,NA,NA,NA,NA,NA,NA,NA,NA,NA,NA,NA,NA,NA,NA,NA
11 B 2008,1,2008,B,11,1,0,0,1,F,1,10,0,22.4,1.57,0,B 11
NA,NA,NA,NA,NA,NA,NA,NA,NA,NA,NA,NA,NA,NA,NA,NA,NA
12 B 1982,1,1982,B,12,9,0,0,1,F,1,8,0,122.03,686.93,0,B 12
12 B 1983,1,1983,B,12,9,0,0,1,F,1,11,0,84.4,286.07,0,B 12
12 B 1984,1,1984,B,12,9,0,0,1,F,1,11,0,67.3,222.27,0,B 12
12 B 1985,1,1985,B,12,9,0,0,1,F,1,7,0,58.267,378.33,0,B 12
12 B 1986,1,1986,B,12,9,0,0,1,F,1,9,0,86.2,619.57,0,B 12
12 B 1987,1,1987,B,12,9,0,0,1,C3,1,8,0,116.07,491.73,0,B 12
12 B 1988,1,1988,B,12,9,0,0,1,F,1,6,0,51.967,344.83,0,B 12
12 B 1989,1,1989,B,12,9,0,0,1,F,1,6,0,70.733,170.5,0,B 12
12 B 1990,1,1990,B,12,9,0,0,1,F,1,8,0,59.2,130.67,0,B 12
12 B 1991,1,1991,B,12,9,0,0,1,F,1,8,0,62.233,124.9,0,B 12
12 B 1992,1,1992,B,12,9,0,0,1,F,1,5,0,42.903,132.07,0,B 12
12 B 1993,1,1993,B,12,9,0,0,1,F,1,9,0,78.267,147.27,0,B 12
12 B 1994,1,1994,B,12,9,0,0,1,F,1,5,0,71.667,212.3,0,B 12
12 B 1995,1,1995,B,12,9,0,0,1,F,1,6,0,77.933,17.333,0,B 12
12 B 1996,1,1996,B,12,9,0,0,1,C3,1,5,0,78.033,192.9,0,B 12
12 B 1997,1,1997,B,12,9,0,0,1,F,1,5,0,70.5,109.13,0,B 12
12 B 1998,1,1998,B,12,9,0,0,1,F,1,7,0,108.3,270.07,0,B 12
12 B 1999,1,1999,B,12,9,0,0,1,F,1,6,0,69.293,112.12,0,B 12
12 B 2000,1,2000,B,12,9,0,0,1,O,1,8,0,56.3,125.97,0,B 12
12 B 2001,1,2001,B,12,9,0,0,1,F,1,5,0,62.833,195.17,0,B 12
12 B 2002,1,2002,B,12,9,0,0,1,L,1,9,0,82.033,179.03,0,B 12
12 B 2003,1,2003,B,12,9,0,0,1,L,1,8,0,105.8,358.97,0,B 12
12 B 2004,1,2004,B,12,9,0,0,1,F,1,9,0,38.067,4.6333,0,B 12
NA,NA,NA,NA,NA,NA,NA,NA,NA,NA,NA,NA,NA,NA,NA,NA,NA
12 B 2008,1,2008,B,12,9,0,0,1,F,1,12,0.08,23.48,0.17,0,B 12
NA,NA,NA,NA,NA,NA,NA,NA,NA,NA,NA,NA,NA,NA,NA,NA,NA
17 B 1982,1,1982,B,17,1,0,0,1,F,1,10,0,24.1,404.3,0,B 17
17 B 1983,1,1983,B,17,1,0,0,1,C4,1,8,0,77.567,252.37,0,B 17
17 B 1984,1,1984,B,17,1,0,0,1,C4,1,13,0,48.167,257.73,0,B 17
17 B 1985,1,1985,B,17,1,0,0,1,F,1,10,0,51.467,261.93,0,B 17
17 B 1986,1,1986,B,17,1,0,0,1,F,1,13,0,84.2,550.3,0,B 17
17 B 1987,1,1987,B,17,1,0,0,1,F,1,9,0,94.767,495.93,0,B 17
17 B 1988,1,1988,B,17,1,0,0,1,C4,1,9,0,70.433,288.73,0,B 17
17 B 1989,1,1989,B,17,1,0,0,1,F,1,8,3.3,96.467,208.67,0,B 17
17 B 1990,1,1990,B,17,1,0,0,1,F,1,16,0,109.93,315.43,0,B 17
17 B 1991,1,1991,B,17,1,0,0,1,C4,1,10,0.107,118.8,184.7,0,B 17
17 B 1992,1,1992,B,17,1,0,0,1,F,1,14,0.607,75.6,570,0,B 17
17 B 1993,1,1993,B,17,1,0,0,1,S,1,13,0,82.7,227.93,0,B 17
17 B 1994,1,1994,B,17,1,0,0,1,F,1,8,0,81.033,250.7,0,B 17
17 B 1995,1,1995,B,17,1,0,0,1,F,1,13,0,129.9,71.433,0,B 17
17 B 1996,1,1996,B,17,1,0,0,1,F,1,8,0,71.8,217.23,0,B 17
17 B 1997,1,1997,B,17,1,0,0,1,S,1,10,0,57.533,185.43,0,B 17
17 B 1998,1,1998,B,17,1,0,0,1,C3,1,2,0,135.97,348.93,0,B 17
17 B 1999,1,1999,B,17,1,0,0,1,C4,1,12,0,117.61,237.51,0,B 17
17 B 2000,1,2000,B,17,1,0,0,1,F,1,8,0,89.033,163.3,0,B 17
17 B 2001,1,2001,B,17,1,0,0,1,F,1,8,0,63.833,339.87,0,B 17
17 B 2002,1,2002,B,17,1,0,0,1,F,1,7,0,139.4,398.73,0,B 17
17 B 2003,1,2003,B,17,1,0,0,1,O,1,5,0,93.333,448.53,0,B 17
17 B 2004,1,2004,B,17,1,0,0,1,L,1,11,0,43.167,1.4333,0,B 17
NA,NA,NA,NA,NA,NA,NA,NA,NA,NA,NA,NA,NA,NA,NA,NA,NA
17 B 2008,1,2008,B,17,1,0,0,1,F,1,9,0,28.3,8.02,0,B 17
NA,NA,NA,NA,NA,NA,NA,NA,NA,NA,NA,NA,NA,NA,NA,NA,NA
21 B 1982,1,1982,B,21,9,0,0,1,F,1,12,0,56.033,204.93,0,B 21
21 B 1983,1,1983,B,21,9,0,0,1,F,1,14,0,107.83,260.97,0,B 21
21 B 1984,1,1984,B,21,9,0,0,1,F,1,13,0,66.833,227.57,0,B 21
21 B 1985,1,1985,B,21,9,0,0,1,C4,1,13,0,108.57,532,0,B 21
21 B 1986,1,1986,B,21,9,0,0,1,S,1,11,0,97.6,375.1,0,B 21
21 B 1987,1,1987,B,21,9,0,0,1,F,1,9,0,107.47,498.13,0,B 21
21 B 1988,1,1988,B,21,9,0,0,1,F,1,9,0,66.167,357.83,0,B 21
21 B 1989,1,1989,B,21,9,0,0,1,F,1,8,0.267,88.7,168.1,0,B 21
21 B 1990,1,1990,B,21,9,0,0,1,F,1,11,0,101.13,225.4,0,B 21
21 B 1991,1,1991,B,21,9,0,0,1,C4,1,8,3.433,107.57,384.17,0,B 21
21 B 1992,1,1992,B,21,9,0,0,1,F,1,11,0,97.067,459.97,0,B 21
21 B 1993,1,1993,B,21,9,0,0,1,F,1,15,0,105.83,279.37,0,B 21
21 B 1994,1,1994,B,21,9,0,0,1,F,1,14,2.133,95.867,333.07,0,B 21
21 B 1995,1,1995,B,21,9,0,0,1,C4,1,11,0,131.13,115.67,0,B 21
21 B 1996,1,1996,B,21,9,0,0,1,F,1,9,3.733,60.333,220.63,0,B 21
21 B 1997,1,1997,B,21,9,0,0,1,F,1,7,0,102.83,211.83,0,B 21
21 B 1998,1,1998,B,21,9,0,0,1,C3,1,6,0,73.367,217.8,0,B 21
21 B 1999,1,1999,B,21,9,0,0,1,F,1,8,0,82.997,162.84,0,B 21
21 B 2000,1,2000,B,21,9,0,0,1,L,1,9,0,70.833,247.83,0,B 21
21 B 2001,1,2001,B,21,9,0,0,1,F,1,11,0,52.573,299.73,0,B 21
21 B 2002,1,2002,B,21,9,0,0,1,G,1,9,0,74.933,255.83,0,B 21
21 B 2003,1,2003,B,21,9,0,0,1,F,1,12,0,32.667,224.8,0,B 21
21 B 2004,1,2004,B,21,9,0,0,1,O,1,8,0,47.033,25.133,0,B 21
NA,NA,NA,NA,NA,NA,NA,NA,NA,NA,NA,NA,NA,NA,NA,NA,NA
21 B 2008,1,2008,B,21,9,0,0,1,F,1,11,0,18.5,1.85,0,B 21
NA,NA,NA,NA,NA,NA,NA,NA,NA,NA,NA,NA,NA,NA,NA,NA,NA
33 B 1982,1,1982,B,33,1,0,0,1,F,1,9,0,54.133,85.8,0,B 33
33 B 1983,1,1983,B,33,1,0,0,1,C4,1,15,0,74.533,135.33,0,B 33
33 B 1984,1,1984,B,33,1,0,0,1,F,1,19,0,106.3,366.6,0,B 33
33 B 1985,1,1985,B,33,1,0,0,1,C3,1,12,0,87.367,358.93,0,B 33
33 B 1986,1,1986,B,33,1,0,0,1,F,1,13,0,82.133,211.8,0,B 33
33 B 1987,1,1987,B,33,1,0,0,1,F,1,12,0,108.03,415.4,0,B 33
33 B 1988,1,1988,B,33,1,0,0,1,F,1,8,0,56.833,250.57,0,B 33
33 B 1989,1,1989,B,33,1,0,0,1,F,1,7,0,58.8,114.1,0,B 33
33 B 1990,1,1990,B,33,1,0,0,1,F,1,5,0,106.32,335.57,0,B 33
33 B 1991,1,1991,B,33,1,0,0,1,F,1,11,0,64.767,102.87,0,B 33
33 B 1992,1,1992,B,33,1,0,0,1,F,1,9,0,48.233,210.3,0,B 33
33 B 1993,1,1993,B,33,1,0,0,1,F,1,13,0,115,332.97,0,B 33
33 B 1994,1,1994,B,33,1,0,0,1,F,1,12,0,68.467,199.23,0,B 33
33 B 1995,1,1995,B,33,1,0,0,1,C4,1,10,0,129.17,64.567,0,B 33
33 B 1996,1,1996,B,33,1,0,0,1,F,1,11,0.057,39.867,147.53,0,B 33
33 B 1997,1,1997,B,33,1,0,0,1,F,1,5,0,46.833,530.07,0,B 33
33 B 1998,1,1998,B,33,1,0,0,1,F,1,9,0,73.233,224.5,0,B 33
33 B 1999,1,1999,B,33,1,0,0,1,F,1,8,0,88.467,170.65,0,B 33
33 B 2000,1,2000,B,33,1,0,0,1,F,1,8,0,38.8,100.67,0,B 33
33 B 2001,1,2001,B,33,1,0,0,1,F,1,10,0,30.967,183.8,0,B 33
33 B 2002,1,2002,B,33,1,0,0,1,C3,1,10,0.59,50.433,112.93,0,B 33
33 B 2003,1,2003,B,33,1,0,0,1,O,1,6,0,45.7,128.23,0,B 33
33 B 2004,1,2004,B,33,1,0,0,1,F,1,10,0,43.827,15.45,0,B 33
NA,NA,NA,NA,NA,NA,NA,NA,NA,NA,NA,NA,NA,NA,NA,NA,NA
33 B 2008,1,2008,B,33,1,0,0,1,F,1,11,0,25.7,4.75,0,B 33
NA,NA,NA,NA,NA,NA,NA,NA,NA,NA,NA,NA,NA,NA,NA,NA,NA
34 B 1982,1,1982,B,34,1,0,0,1,F,1,8,0,42.8,253.3,0,B 34
34 B 1983,1,1983,B,34,1,0,0,1,F,1,11,0,83.8,109.5,0,B 34
34 B 1984,1,1984,B,34,1,0,0,1,F,1,12,0,101.17,141.77,0,B 34
34 B 1985,1,1985,B,34,1,0,0,1,F,1,12,0,72.183,256.73,0,B 34
34 B 1986,1,1986,B,34,1,0,0,1,F,1,9,0,104.7,161.23,0,B 34
34 B 1987,1,1987,B,34,1,0,0,1,C4,1,10,0,133.23,527.7,0,B 34
34 B 1988,1,1988,B,34,1,0,0,1,C3,1,6,0,72.7,235.5,0,B 34
34 B 1989,1,1989,B,34,1,0,0,1,F,1,5,0,41.967,99.033,0,B 34
34 B 1990,1,1990,B,34,1,0,0,1,C3,1,6,0,89.51,229.97,0,B 34
34 B 1991,1,1991,B,34,1,0,0,1,F,1,12,1.153,81.767,139.8,0,B 34
34 B 1992,1,1992,B,34,1,0,0,1,F,1,9,0,90.767,188.33,0,B 34
34 B 1993,1,1993,B,34,1,0,0,1,F,1,13,0,163.07,349.63,0,B 34
34 B 1994,1,1994,B,34,1,0,0,1,C3,1,6,0,51,274.57,0,B 34
34 B 1995,1,1995,B,34,1,0,0,1,F,1,8,0,94.9,115.37,0,B 34
34 B 1996,1,1996,B,34,1,0,0,1,C4,1,8,0.333,31.933,105.77,0,B 34
34 B 1997,1,1997,B,34,1,0,0,1,O,1,7,0,53,133.83,0,B 34
34 B 1998,1,1998,B,34,1,0,0,1,F,1,5,0,52.067,161.63,0,B 34
34 B 1999,1,1999,B,34,1,0,0,1,F,1,6,0,55.933,61.26,0,B 34
34 B 2000,1,2000,B,34,1,0,0,1,F,1,13,3.867,59.767,261.47,0,B 34
34 B 2001,1,2001,B,34,1,0,0,1,F,1,5,0,23.733,124.63,0,B 34
34 B 2002,1,2002,B,34,1,0,0,1,F,1,8,0,36.433,63.767,0,B 34
34 B 2003,1,2003,B,34,1,0,0,1,F,1,7,0,64.5,266.67,0,B 34
34 B 2004,1,2004,B,34,1,0,0,1,C3,1,6,0.4333,27.2,5,0,B 34
NA,NA,NA,NA,NA,NA,NA,NA,NA,NA,NA,NA,NA,NA,NA,NA,NA
34 B 2008,1,2008,B,34,1,0,0,1,F,1,10,0,22.33,0.28,0,B 34
NA,NA,NA,NA,NA,NA,NA,NA,NA,NA,NA,NA,NA,NA,NA,NA,NA
35 B 1982,1,1982,B,35,9,0,0,1,F,1,8,0,108.87,458.23,0,B 35
35 B 1983,1,1983,B,35,9,0,0,1,F,1,6,0,51.967,67.833,0,B 35
35 B 1984,1,1984,B,35,9,0,0,1,F,1,13,0,72.1,192.7,0,B 35
35 B 1985,1,1985,B,35,9,0,0,1,F,1,9,0,161.9,505,0,B 35
35 B 1986,1,1986,B,35,9,0,0,1,F,1,10,0,79.8,164.3,0,B 35
35 B 1987,1,1987,B,35,9,0,0,1,F,1,6,0,138.07,362.93,0,B 35
35 B 1988,1,1988,B,35,9,0,0,1,C3,1,9,0,68.2,296.1,0,B 35
35 B 1989,1,1989,B,35,9,0,0,1,F,1,8,2.467,90.233,233.13,0,B 35
35 B 1990,1,1990,B,35,9,0,0,1,F,1,9,0,117.97,153.83,0,B 35
35 B 1991,1,1991,B,35,9,0,0,1,F,1,7,0,67.64,249.87,0,B 35
35 B 1992,1,1992,B,35,9,0,0,1,F,1,9,0,72.767,198.77,0,B 35
35 B 1993,1,1993,B,35,9,0,0,1,,0,8,0,120.4,272.27,0,B 35
35 B 1994,1,1994,B,35,9,0,0,1,F,1,9,0,77.533,250.37,0,B 35
35 B 1995,1,1995,B,35,9,0,0,1,O,1,8,0,138.67,39.833,0,B 35
35 B 1996,1,1996,B,35,9,0,0,1,C3,1,11,0,57,190.9,0,B 35
35 B 1997,1,1997,B,35,9,0,0,1,C3,1,12,0.067,68.833,159.97,0,B 35
35 B 1998,1,1998,B,35,9,0,0,1,F,1,9,0,49.567,140.17,0,B 35
35 B 1999,1,1999,B,35,9,0,0,1,O,1,8,1.067,89.993,125.23,0,B 35
35 B 2000,1,2000,B,35,9,0,0,1,L,1,7,0,55.767,152.73,0,B 35
35 B 2001,1,2001,B,35,9,0,0,1,F,1,9,0,38.1,103.13,0,B 35
35 B 2002,1,2002,B,35,9,0,0,1,O,1,10,0,58.433,137.93,0,B 35
35 B 2003,1,2003,B,35,9,0,0,1,F,1,10,0,47.133,232.47,0,B 35
35 B 2004,1,2004,B,35,9,0,0,1,O,1,9,0,37.833,9.9667,0,B 35
NA,NA,NA,NA,NA,NA,NA,NA,NA,NA,NA,NA,NA,NA,NA,NA,NA
35 B 2008,1,2008,B,35,9,0,0,1,F,1,10,0,22.87,0.8,0,B 35
NA,NA,NA,NA,NA,NA,NA,NA,NA,NA,NA,NA,NA,NA,NA,NA,NA
37 B 1982,1,1982,B,37,9,0,0,1,C4,1,11,0,120.4,733.03,0,B 37
37 B 1983,1,1983,B,37,9,0,0,1,C4,1,5,0,161.43,370.5,0,B 37
37 B 1984,1,1984,B,37,9,0,0,1,F,1,7,0,45.6,166.87,0,B 37
37 B 1985,1,1985,B,37,9,0,0,1,F,1,7,0,92.7,443.63,0,B 37
37 B 1986,1,1986,B,37,9,0,0,1,F,1,7,0,89.267,241.47,0,B 37
37 B 1987,1,1987,B,37,9,0,0,1,F,1,10,0,98.633,560.97,0,B 37
37 B 1988,1,1988,B,37,9,0,0,1,F,1,5,0,35,502.3,0,B 37
37 B 1989,1,1989,B,37,9,0,0,1,O,1,5,0,55.433,347.97,0,B 37
37 B 1990,1,1990,B,37,9,0,0,1,C3,1,6,0,85.933,436.37,0,B 37
37 B 1991,1,1991,B,37,9,0,0,1,F,1,8,0,49.437,203.4,0,B 37
37 B 1992,1,1992,B,37,9,0,0,1,O,1,8,3.813,36.72,433.77,0,B 37
37 B 1993,1,1993,B,37,9,0,0,1,F,1,15,0,169.37,360.97,0,B 37
37 B 1994,1,1994,B,37,9,0,0,1,F,1,8,0,65.5,301.2,0,B 37
37 B 1995,1,1995,B,37,9,0,0,1,O,1,7,0,159.33,67.567,0,B 37
37 B 1996,1,1996,B,37,9,0,0,1,F,1,6,0,111.5,323.9,0,B 37
37 B 1997,1,1997,B,37,9,0,0,1,F,1,7,0,41,213.43,0,B 37
37 B 1998,1,1998,B,37,9,0,0,1,L,1,4,0,122.17,401.53,0,B 37
37 B 1999,1,1999,B,37,9,0,0,1,F,1,5,0,96.62,270.01,0,B 37
37 B 2000,1,2000,B,37,9,0,0,1,F,1,8,0,92.867,287.5,0,B 37
37 B 2001,1,2001,B,37,9,0,0,1,F,1,8,0,26.68,433.27,0,B 37
37 B 2002,1,2002,B,37,9,0,0,1,F,1,10,3.003,35.933,130.43,0,B 37
37 B 2003,1,2003,B,37,9,0,0,1,F,1,7,9.533,50.633,421.23,0,B 37
37 B 2004,1,2004,B,37,9,0,0,1,F,1,10,3.5333,18.067,4.8667,0,B 37
NA,NA,NA,NA,NA,NA,NA,NA,NA,NA,NA,NA,NA,NA,NA,NA,NA
37 B 2008,1,2008,B,37,9,0,0,1,F,1,9,0,32.73,4.68,0,B 37
NA,NA,NA,NA,NA,NA,NA,NA,NA,NA,NA,NA,NA,NA,NA,NA,NA
52 B 1982,1,1982,B,52,9,0,0,1,F,1,11,0,21.5,80.233,0,B 52
52 B 1983,1,1983,B,52,9,0,0,1,F,1,11,0,140.53,162.43,0,B 52
52 B 1984,1,1984,B,52,9,0,0,1,F,1,13,0,58.933,154.3,0,B 52
52 B 1985,1,1985,B,52,9,0,0,1,F,1,9,0,68.933,467.67,0,B 52
52 B 1986,1,1986,B,52,9,0,0,1,F,1,14,0,74.167,198.5,0,B 52
52 B 1987,1,1987,B,52,9,0,0,1,C3,1,10,0.967,23.133,88.533,0,B 52
52 B 1988,1,1988,B,52,9,0,0,1,F,1,10,0,51.567,267.47,0,B 52
52 B 1989,1,1989,B,52,9,0,0,1,C3,1,7,0,51.367,98.1,0,B 52
52 B 1990,1,1990,B,52,9,0,0,1,C3,1,7,0.433,85.6,270.63,0,B 52
52 B 1991,1,1991,B,52,9,0,0,1,F,1,12,0,72.5,210.6,0,B 52
52 B 1992,1,1992,B,52,9,0,0,1,F,1,9,0,37.817,195.53,0,B 52
52 B 1993,1,1993,B,52,9,0,0,1,F,1,11,0,89,453.23,0,B 52
52 B 1994,1,1994,B,52,9,0,0,1,F,1,9,0.47,52.627,88.267,0,B 52
52 B 1995,1,1995,B,52,9,0,0,1,C4,1,7,0,103.37,23.967,0,B 52
52 B 1996,1,1996,B,52,9,0,0,1,F,1,11,0.397,53.233,162.57,0,B 52
52 B 1997,1,1997,B,52,9,0,0,1,C3,1,8,0.4,82.367,159.83,0,B 52
52 B 1998,1,1998,B,52,9,0,0,1,F,1,7,0,78.633,167.73,0,B 52
52 B 1999,1,1999,B,52,9,0,0,1,F,1,9,0,53.86,114.69,0,B 52
52 B 2000,1,2000,B,52,9,0,0,1,F,1,8,0,42.5,98.633,0,B 52
52 B 2001,1,2001,B,52,9,0,0,1,S,1,7,0,34.3,182.3,0,B 52
52 B 2002,1,2002,B,52,9,0,0,1,F,1,12,2.4,64.533,284.93,0,B 52
52 B 2003,1,2003,B,52,9,0,0,1,F,1,9,0,63.533,269.97,0,B 52
52 B 2004,1,2004,B,52,9,0,0,1,F,1,9,0,36.767,9.8333,0,B 52
NA,NA,NA,NA,NA,NA,NA,NA,NA,NA,NA,NA,NA,NA,NA,NA,NA
52 B 2008,1,2008,B,52,9,0,0,1,S,1,8,0,18.52,4.37,0,B 52
NA,NA,NA,NA,NA,NA,NA,NA,NA,NA,NA,NA,NA,NA,NA,NA,NA
54 B 1982,1,1982,B,54,1,0,0,1,C4,1,17,0,152.23,545.57,0,B 54
54 B 1983,1,1983,B,54,1,0,0,1,F,1,12,0,64.033,61.867,0,B 54
54 B 1984,1,1984,B,54,1,0,0,1,F,1,15,0,120.87,652.33,0,B 54
54 B 1985,1,1985,B,54,1,0,0,1,F,1,13,0.733,160.2,842.33,0,B 54
54 B 1986,1,1986,B,54,1,0,0,1,F,1,13,0,82.933,273.43,0,B 54
54 B 1987,1,1987,B,54,1,0,0,1,F,1,12,0,101.63,228.23,0,B 54
54 B 1988,1,1988,B,54,1,0,0,1,S,1,10,0.2,83.6,380.03,0,B 54
54 B 1989,1,1989,B,54,1,0,0,1,F,1,12,2.567,64.433,270.5,0,B 54
54 B 1990,1,1990,B,54,1,0,0,1,F,1,8,0.297,122.4,387.97,0,B 54
54 B 1991,1,1991,B,54,1,0,0,1,F,1,10,0,88.2,612.7,0,B 54
54 B 1992,1,1992,B,54,1,0,0,1,F,1,9,0.267,70.983,298.13,0,B 54
54 B 1993,1,1993,B,54,1,0,0,1,F,1,13,0.047,93.433,359.33,0,B 54
54 B 1994,1,1994,B,54,1,0,0,1,C3,1,9,0.038,65.89,595.1,0,B 54
54 B 1995,1,1995,B,54,1,0,0,1,F,1,8,0.567,87.933,15.367,0,B 54
54 B 1996,1,1996,B,54,1,0,0,1,C3,1,4,0,68.567,195.27,0,B 54
54 B 1997,1,1997,B,54,1,0,0,1,F,1,6,0,62.8,139.9,0,B 54
54 B 1998,1,1998,B,54,1,0,0,1,F,1,7,0,55.467,199.77,0,B 54
54 B 1999,1,1999,B,54,1,0,0,1,L,1,8,0,90.097,374.14,0,B 54
54 B 2000,1,2000,B,54,1,0,0,1,O,1,6,0,69.467,237.73,0,B 54
54 B 2001,1,2001,B,54,1,0,0,1,F,1,6,1.633,59.5,457.87,0,B 54
54 B 2002,1,2002,B,54,1,0,0,1,F,1,10,0,82.533,329.73,0,B 54
54 B 2003,1,2003,B,54,1,0,0,1,O,1,7,0,56.9,250.43,0,B 54
54 B 2004,1,2004,B,54,1,0,0,1,F,1,8,0,22.467,27.467,0,B 54
NA,NA,NA,NA,NA,NA,NA,NA,NA,NA,NA,NA,NA,NA,NA,NA,NA
54 B 2008,1,2008,B,54,1,0,0,1,F,1,7,0,27.7,2.32,0,B 54
NA,NA,NA,NA,NA,NA,NA,NA,NA,NA,NA,NA,NA,NA,NA,NA,NA
8 C 1982,1,1982,C,8,1,0,0,1,F,1,9,0,96.767,920.6,0,C 8
8 C 1983,1,1983,C,8,1,0,0,1,F,1,11,0,128.23,424.63,0,C 8
8 C 1984,1,1984,C,8,1,0,0,1,C4,1,10,0,97.733,691.47,0,C 8
8 C 1985,1,1985,C,8,1,0,0,1,F,1,9,0,17.667,786.53,0,C 8
8 C 1986,1,1986,C,8,1,0,0,1,C3,1,10,0,31.187,384.8,0,C 8
8 C 1987,1,1987,C,8,1,0,0,1,F,1,11,0,89.1,435.77,0,C 8
8 C 1988,1,1988,C,8,1,0,0,1,F,1,7,0,80,465.13,0,C 8
8 C 1989,1,1989,C,8,1,0,0,1,F,1,9,0,33.033,381,0,C 8
8 C 1990,1,1990,C,8,1,0,0,1,F,1,10,0.967,131.13,281.77,0,C 8
8 C 1991,1,1991,C,8,1,0,0,1,F,1,11,0,187.67,466.67,0,C 8
8 C 1992,1,1992,C,8,1,0,0,1,F,1,7,0,115.8,504.87,0,C 8
8 C 1993,1,1993,C,8,1,0,0,1,F,1,12,0,242.53,540.67,0,C 8
8 C 1994,1,1994,C,8,1,0,0,1,F,1,11,0,32.533,395.87,0,C 8
8 C 1995,1,1995,C,8,1,0,0,1,F,1,8,0,105.1,632.63,0,C 8
8 C 1996,1,1996,C,8,1,0,0,1,F,1,14,0,30.4,427.13,0,C 8
8 C 1997,1,1997,C,8,1,0,0,1,O,1,9,0,39.933,374.37,0,C 8
8 C 1998,1,1998,C,8,1,0,0,1,F,1,13,0,72.2,311.93,0,C 8
8 C 1999,1,1999,C,8,1,0,0,1,O,1,7,0,68.197,357.85,0,C 8
8 C 2000,1,2000,C,8,1,0,0,1,F,1,12,1.567,64,211.4,0,C 8
8 C 2001,1,2001,C,8,1,0,0,1,F,1,9,2.833,18.2,386.93,0,C 8
8 C 2002,1,2002,C,8,1,0,0,1,F,1,6,0,22.467,328.8,0,C 8
8 C 2003,1,2003,C,8,1,0,0,1,F,1,9,1.633,50.5,347.4,0,C 8
8 C 2004,1,2004,C,8,1,0,0,1,C3,1,8,7.5333,59.5,10.8,0,C 8
8 C 2005,1,2005,C,8,1,0,0,1,F,1,13,16.4667,13.1667,1.7333,0,C 8
8 C 2006,1,2006,C,8,1,0,0,1,,0,10,4.403,7.733,5.513,0,C 8
8 C 2007,1,2007,C,8,1,0,0,1,,0,11,7.67,0.73,2.2,0,C 8
8 C 2008,1,2008,C,8,1,0,0,1,F,1,9,0,2.9,6.37,0,C 8
8 C 2009,1,2009,C,8,1,0,0,1,C3,1,9,1.1,1,0.83,0,C 8
8 C 2010,1,2010,C,8,1,0,0,1,F,1,11,0,45.93,67.33,0,C 8
8 C 2011,1,2011,C,8,1,0,0,1,C3,1,9,0.13,7.67,8.8,0,C 8
NA,NA,NA,NA,NA,NA,NA,NA,NA,NA,NA,NA,NA,NA,NA,NA,NA
18 C 1982,1,1982,C,18,9,0,0,1,F,1,16,0.413,113.6,478.33,0,C 18
18 C 1983,1,1983,C,18,9,0,0,1,F,1,12,3.433,66.633,409.83,0,C 18
18 C 1984,1,1984,C,18,9,0,0,1,F,1,13,3.7,27.467,131.1,0,C 18
18 C 1985,1,1985,C,18,9,0,0,1,F,1,14,0,44.567,752.03,0,C 18
18 C 1986,1,1986,C,18,9,0,0,1,C3,1,15,0.003,113.47,344.8,0,C 18
18 C 1987,1,1987,C,18,9,0,0,1,C3,1,10,0.633,168.5,674.13,0,C 18
18 C 1988,1,1988,C,18,9,0,0,1,F,1,10,0,68.8,489.83,0,C 18
18 C 1989,1,1989,C,18,9,0,0,1,C3,1,8,1.7,156.77,542.53,0,C 18
18 C 1990,1,1990,C,18,9,0,0,1,C3,1,10,1.6,118.33,338.73,0,C 18
18 C 1991,1,1991,C,18,9,0,0,1,C3,1,16,5.2,116.1,447.77,0,C 18
18 C 1992,1,1992,C,18,9,0,0,1,F,1,14,2.367,88.367,587.1,0,C 18
18 C 1993,1,1993,C,18,9,0,0,1,C3,1,16,0.033,149.5,512.87,0,C 18
18 C 1994,1,1994,C,18,9,0,0,1,F,1,8,4.633,45.667,574.63,0,C 18
18 C 1995,1,1995,C,18,9,0,0,1,F,1,14,1.467,43.267,299.47,0,C 18
18 C 1996,1,1996,C,18,9,0,0,1,F,1,9,13.267,21.667,283,0,C 18
18 C 1997,1,1997,C,18,9,0,0,1,O,1,11,2,51.1,376.33,0,C 18
18 C 1998,1,1998,C,18,9,0,0,1,F,1,9,6.3,94.233,652.53,0,C 18
18 C 1999,1,1999,C,18,9,0,0,1,C3,1,11,3.833,28.967,289.7,0,C 18
18 C 2000,1,2000,C,18,9,0,0,1,F,1,7,6.003,70.633,265.5,0,C 18
18 C 2001,1,2001,C,18,9,0,0,1,F,1,5,17.233,13.933,474.43,0,C 18
18 C 2002,1,2002,C,18,9,0,0,1,F,1,10,5.433,54.8,426.3,0,C 18
18 C 2003,1,2003,C,18,9,0,0,1,C4,1,5,30.867,17.567,375.37,0,C 18
18 C 2004,1,2004,C,18,9,0,0,1,C3,1,8,14.4,12.567,63.4,0,C 18
18 C 2005,1,2005,C,18,9,0,0,1,C3,1,10,35.5333,14.1333,0,0,C 18
18 C 2006,1,2006,C,18,9,0,0,1,C3,1,10,9.84,4.58,0,0,C 18
18 C 2007,1,2007,C,18,9,0,0,1,C3,1,7,1.03,25.2,0,0,C 18
18 C 2008,1,2008,C,18,9,0,0,1,C4,1,9,0,13.12,3.02,0,C 18
18 C 2009,1,2009,C,18,9,0,0,1,C3,1,9,1.57,6.63,0,0,C 18
18 C 2010,1,2010,C,18,9,0,0,1,F,1,8,0,38.37,7.17,0,C 18
18 C 2011,1,2011,C,18,9,0,0,1,F,1,13,0,31.3,12.67,0,C 18
NA,NA,NA,NA,NA,NA,NA,NA,NA,NA,NA,NA,NA,NA,NA,NA,NA
26 C 1982,1,1982,C,26,1,0,0,1,F,1,10,0,70,374.17,0,C 26
26 C 1983,1,1983,C,26,1,0,0,1,F,1,15,0,61.5,357.5,0,C 26
26 C 1984,1,1984,C,26,1,0,0,1,F,1,16,0,42.833,242.67,0,C 26
26 C 1985,1,1985,C,26,1,0,0,1,C3,1,13,0,117.43,447.83,0,C 26
26 C 1986,1,1986,C,26,1,0,0,1,F,1,13,0,46,543.33,0,C 26
26 C 1987,1,1987,C,26,1,0,0,1,F,1,9,0,187.9,629.47,0,C 26
26 C 1988,1,1988,C,26,1,0,0,1,F,1,13,0,15.133,388.77,0,C 26
26 C 1989,1,1989,C,26,1,0,0,1,F,1,11,0,75.333,265,0,C 26
26 C 1990,1,1990,C,26,1,0,0,1,F,1,13,0,76.263,344.3,0,C 26
26 C 1991,1,1991,C,26,1,0,0,1,S,1,14,0,126.33,431.33,0,C 26
26 C 1992,1,1992,C,26,1,0,0,1,F,1,17,0,52.9,527.1,0,C 26
26 C 1993,1,1993,C,26,1,0,0,1,F,1,12,0,211.83,271.1,0,C 26
26 C 1994,1,1994,C,26,1,0,0,1,F,1,11,0,48.1,401.73,0,C 26
26 C 1995,1,1995,C,26,1,0,0,1,F,1,19,0,177.1,678.67,0,C 26
26 C 1996,1,1996,C,26,1,0,0,1,F,1,11,0,59.867,206.17,0,C 26
26 C 1997,1,1997,C,26,1,0,0,1,F,1,12,0,41.1,480.17,0,C 26
26 C 1998,1,1998,C,26,1,0,0,1,F,1,11,0,120.3,524.03,0,C 26
26 C 1999,1,1999,C,26,1,0,0,1,F,1,10,0,67.207,649.09,0,C 26
26 C 2000,1,2000,C,26,1,0,0,1,F,1,11,0.307,69.233,274.03,0,C 26
26 C 2001,1,2001,C,26,1,0,0,1,F,1,10,0,51.333,480.33,0,C 26
26 C 2002,1,2002,C,26,1,0,0,1,O,1,12,0,55.433,292.47,0,C 26
26 C 2003,1,2003,C,26,1,0,0,1,F,1,14,0,11.333,433.03,0,C 26
26 C 2004,1,2004,C,26,1,0,0,1,F,1,10,0,14.5,3.8333,0,C 26
26 C 2005,1,2005,C,26,1,0,0,1,F,1,13,0,1.09,0,0,C 26
26 C 2006,1,2006,C,26,1,0,0,1,C4,1,13,0,2.127,0,0,C 26
26 C 2007,1,2007,C,26,1,0,0,1,C4,1,10,0,6.87,0,0,C 26
26 C 2008,1,2008,C,26,1,0,0,1,F,1,11,0,1.62,0,0,C 26
26 C 2009,1,2009,C,26,1,0,0,1,F,1,12,0,2.63,7.23,0,C 26
26 C 2010,1,2010,C,26,1,0,0,1,F,1,12,0,5.1,4.67,0,C 26
26 C 2011,1,2011,C,26,1,0,0,1,F,1,17,0,8.27,21.27,0,C 26
NA,NA,NA,NA,NA,NA,NA,NA,NA,NA,NA,NA,NA,NA,NA,NA,NA
28 C 1982,1,1982,C,28,9,0,0,1,F,1,14,0,46.533,573.27,0,C 28
28 C 1983,1,1983,C,28,9,0,0,1,F,1,12,0,39.767,493.7,0,C 28
28 C 1984,1,1984,C,28,9,0,0,1,C3,1,11,0,58.9,291.33,0,C 28
28 C 1985,1,1985,C,28,9,0,0,1,F,1,14,0,15,305.1,0,C 28
28 C 1986,1,1986,C,28,9,0,0,1,F,1,17,0,168.67,405.57,0,C 28
28 C 1987,1,1987,C,28,9,0,0,1,F,1,14,0.4,126.07,286.27,0,C 28
28 C 1988,1,1988,C,28,9,0,0,1,C3,1,11,0.267,60.067,354,0,C 28
28 C 1989,1,1989,C,28,9,0,0,1,C3,1,8,0,112.4,412.57,0,C 28
28 C 1990,1,1990,C,28,9,0,0,1,C3,1,12,0,147.3,342.57,0,C 28
28 C 1991,1,1991,C,28,9,0,0,1,F,1,10,0,114.73,368.6,0,C 28
28 C 1992,1,1992,C,28,9,0,0,1,F,1,14,0,55.8,359.77,0,C 28
28 C 1993,1,1993,C,28,9,0,0,1,C3,1,10,0,66.2,419.13,0,C 28
28 C 1994,1,1994,C,28,9,0,0,1,F,1,12,2.397,23.38,465.03,0,C 28
28 C 1995,1,1995,C,28,9,0,0,1,F,1,15,0,86.033,362.83,0,C 28
28 C 1996,1,1996,C,28,9,0,0,1,F,1,10,2.067,69.533,288.57,0,C 28
28 C 1997,1,1997,C,28,9,0,0,1,C3,1,13,0,52.533,218.87,0,C 28
28 C 1998,1,1998,C,28,9,0,0,1,F,1,11,1.433,120.9,407.27,0,C 28
28 C 1999,1,1999,C,28,9,0,0,1,F,1,6,0,67.4,481.43,0,C 28
28 C 2000,1,2000,C,28,9,0,0,1,C3,1,10,0.133,124.2,745.83,0,C 28
28 C 2001,1,2001,C,28,9,0,0,1,O,1,8,0,90.167,426.77,0,C 28
28 C 2002,1,2002,C,28,9,0,0,1,O,1,8,0,70.233,159.93,0,C 28
28 C 2003,1,2003,C,28,9,0,0,1,F,1,9,1.167,78.7,304.13,0,C 28
28 C 2004,1,2004,C,28,9,0,0,1,F,1,11,0.6667,12.233,11.267,0,C 28
28 C 2005,1,2005,C,28,9,0,0,1,,0,9,6.4,36.6333,0.1133,0,C 28
28 C 2006,1,2006,C,28,9,0,0,1,O,1,10,19.563,0,0,0,C 28
28 C 2007,1,2007,C,28,9,0,0,1,C3,1,13,1.97,35.4,0,0,C 28
28 C 2008,1,2008,C,28,9,0,0,1,C3,1,11,19.32,0.57,0.69,0,C 28
28 C 2009,1,2009,C,28,9,0,0,1,C3,1,10,0.3,8.3,0,0,C 28
28 C 2010,1,2010,C,28,9,0,0,1,C3,1,12,35.37,193.03,0,0,C 28
28 C 2011,1,2011,C,28,9,0,0,1,C3,1,11,53.43,2,10.47,0,C 28
NA,NA,NA,NA,NA,NA,NA,NA,NA,NA,NA,NA,NA,NA,NA,NA,NA
30 C 1982,1,1982,C,30,9,0,0,1,F,1,16,0,3.167,412.23,0,C 30
30 C 1983,1,1983,C,30,9,0,0,1,F,1,15,0,82.467,315.77,0,C 30
30 C 1984,1,1984,C,30,9,0,0,1,C4,1,16,0,25.9,196.53,0,C 30
30 C 1985,1,1985,C,30,9,0,0,1,F,1,9,0,21.7,487.23,0,C 30
30 C 1986,1,1986,C,30,9,0,0,1,F,1,18,0,51.9,366.7,0,C 30
30 C 1987,1,1987,C,30,9,0,0,1,F,1,13,0,30.267,442.37,0,C 30
30 C 1988,1,1988,C,30,9,0,0,1,F,1,9,0,63.633,302.87,0,C 30
30 C 1989,1,1989,C,30,9,0,0,1,F,1,10,0,26.633,480.47,0,C 30
30 C 1990,1,1990,C,30,9,0,0,1,F,1,9,0,82.833,352.9,0,C 30
30 C 1991,1,1991,C,30,9,0,0,1,F,1,14,0.5,87.033,427.27,0,C 30
30 C 1992,1,1992,C,30,9,0,0,1,C3,1,15,0.18,55.333,516.1,0,C 30
30 C 1993,1,1993,C,30,9,0,0,1,F,1,8,1.733,71.533,414.67,0,C 30
30 C 1994,1,1994,C,30,9,0,0,1,F,1,12,0,10.867,475.3,0,C 30
30 C 1995,1,1995,C,30,9,0,0,1,O,1,12,0.767,86.867,322.47,0,C 30
30 C 1996,1,1996,C,30,9,0,0,1,O,1,13,0,39.833,356.73,0,C 30
30 C 1997,1,1997,C,30,9,0,0,1,C3,1,11,0.1,103.7,229.6,0,C 30
30 C 1998,1,1998,C,30,9,0,0,1,F,1,9,0,121.93,591.2,0,C 30
30 C 1999,1,1999,C,30,9,0,0,1,F,1,11,0,113.43,432.6,0,C 30
30 C 2000,1,2000,C,30,9,0,0,1,F,1,12,0,42.167,488.5,0,C 30
30 C 2001,1,2001,C,30,9,0,0,1,O,1,6,0,47,494.63,0,C 30
30 C 2002,1,2002,C,30,9,0,0,1,C3,1,8,2.433,79,265.3,0,C 30
30 C 2003,1,2003,C,30,9,0,0,1,F,1,12,1.033,46.633,325.6,0,C 30
30 C 2004,1,2004,C,30,9,0,0,1,C3,1,11,0,13.267,55,0,C 30
30 C 2005,1,2005,C,30,9,0,0,1,C3,1,11,26.4,53.5667,0,0,C 30
30 C 2006,1,2006,C,30,9,0,0,1,C3,1,10,0.153,10.15,0,0,C 30
30 C 2007,1,2007,C,30,9,0,0,1,,0,9,1.27,33.1,0.6,0,C 30
30 C 2008,1,2008,C,30,9,0,0,1,F,1,9,0,5.4,3.82,0,C 30
30 C 2009,1,2009,C,30,9,0,0,1,C3,1,10,1.1,8.67,1.07,0,C 30
30 C 2010,1,2010,C,30,9,0,0,1,S,1,10,0,26.9,26.2,0,C 30
30 C 2011,1,2011,C,30,9,0,0,1,F,1,10,0,40.47,12.03,0,C 30
NA,NA,NA,NA,NA,NA,NA,NA,NA,NA,NA,NA,NA,NA,NA,NA,NA
33 C 1982,1,1982,C,33,9,0,0,1,S,1,10,0,176.17,455.27,0,C 33
33 C 1983,1,1983,C,33,9,0,0,1,F,1,10,0,85.7,261.2,0,C 33
33 C 1984,1,1984,C,33,9,0,0,1,F,1,12,0,76.7,328.67,0,C 33
33 C 1985,1,1985,C,33,9,0,0,1,F,1,14,0,65.367,572.33,0,C 33
33 C 1986,1,1986,C,33,9,0,0,1,F,1,9,0,42.267,254.7,0,C 33
33 C 1987,1,1987,C,33,9,0,0,1,F,1,13,0,197.73,557.73,0,C 33
33 C 1988,1,1988,C,33,9,0,0,1,S,1,15,0,48.8,203.97,0,C 33
33 C 1989,1,1989,C,33,9,0,0,1,F,1,10,0,91.2,341.13,0,C 33
33 C 1990,1,1990,C,33,9,0,0,1,F,1,14,2.8,177.63,346.2,0,C 33
33 C 1991,1,1991,C,33,9,0,0,1,F,1,20,0,119.63,376.83,0,C 33
33 C 1992,1,1992,C,33,9,0,0,1,F,1,23,0,62.567,589.83,0,C 33
33 C 1993,1,1993,C,33,9,0,0,1,F,1,17,0,131.53,541.87,0,C 33
33 C 1994,1,1994,C,33,9,0,0,1,F,1,11,0.2,8.4,966.9,0,C 33
33 C 1995,1,1995,C,33,9,0,0,1,F,1,17,0.984,70.933,377.3,0,C 33
33 C 1996,1,1996,C,33,9,0,0,1,C3,1,10,0.633,33.167,412.73,0,C 33
33 C 1997,1,1997,C,33,9,0,0,1,C3,1,13,0,31.867,487.5,0,C 33
33 C 1998,1,1998,C,33,9,0,0,1,F,1,10,4.567,23.333,580.77,0,C 33
33 C 1999,1,1999,C,33,9,0,0,1,F,1,12,0.36,6.167,554.1,0,C 33
33 C 2000,1,2000,C,33,9,0,0,1,O,1,12,0.803,78.767,446.57,0,C 33
33 C 2001,1,2001,C,33,9,0,0,1,C4,1,3,0,0.267,868.07,0,C 33
33 C 2002,1,2002,C,33,9,0,0,1,F,1,6,0,4.2,457.67,0,C 33
33 C 2003,1,2003,C,33,9,0,0,1,C4,1,8,1.833,0.8,499.3,0,C 33
33 C 2004,1,2004,C,33,9,0,0,1,F,1,9,8.4667,5.5333,342.9,0,C 33
33 C 2005,1,2005,C,33,9,0,0,1,F,1,8,83.8333,0,16.6,0,C 33
33 C 2006,1,2006,C,33,9,0,0,1,C3,1,6,50.033,0,0,0,C 33
33 C 2007,1,2007,C,33,9,0,0,1,C3,1,8,96,1.67,0,0,C 33
33 C 2008,1,2008,C,33,9,0,0,1,C3,1,7,52.67,0,0,0,C 33
33 C 2009,1,2009,C,33,9,0,0,1,C3,1,9,14.93,0,2.87,0,C 33
33 C 2010,1,2010,C,33,9,0,0,1,C3,1,12,26.7,0,1.03,0,C 33
33 C 2011,1,2011,C,33,9,0,0,1,C3,1,12,91.83,0,3.93,0,C 33
NA,NA,NA,NA,NA,NA,NA,NA,NA,NA,NA,NA,NA,NA,NA,NA,NA
39 C 1982,1,1982,C,39,1,0,0,1,F,1,10,0,126.77,398.5,0,C 39
39 C 1983,1,1983,C,39,1,0,0,1,C3,1,15,0,156.13,262.93,0,C 39
39 C 1984,1,1984,C,39,1,0,0,1,F,1,16,0,23.253,171.57,0,C 39
39 C 1985,1,1985,C,39,1,0,0,1,F,1,12,0,97.333,544.43,0,C 39
39 C 1986,1,1986,C,39,1,0,0,1,S,1,20,0,33.4,366.87,0,C 39
39 C 1987,1,1987,C,39,1,0,0,1,C3,1,15,0.033,118.23,394.93,0,C 39
39 C 1988,1,1988,C,39,1,0,0,1,O,1,10,1.2,45.3,511.03,0,C 39
39 C 1989,1,1989,C,39,1,0,0,1,O,1,6,0,39.033,462.63,0,C 39
39 C 1990,1,1990,C,39,1,0,0,1,F,1,12,1.9,114.13,414.57,0,C 39
39 C 1991,1,1991,C,39,1,0,0,1,O,1,8,7.033,304.77,473.33,0,C 39
39 C 1992,1,1992,C,39,1,0,0,1,F,1,8,0.377,20,421.17,0,C 39
39 C 1993,1,1993,C,39,1,0,0,1,F,1,14,2.967,26.967,676.47,0,C 39
39 C 1994,1,1994,C,39,1,0,0,1,F,1,7,7.3,41.567,752.77,0,C 39
39 C 1995,1,1995,C,39,1,0,0,1,F,1,12,4.233,10.4,418.33,0,C 39
39 C 1996,1,1996,C,39,1,0,0,1,F,1,8,3.07,5.667,600.03,0,C 39
39 C 1997,1,1997,C,39,1,0,0,1,C4,1,8,15.733,13.5,417.13,0,C 39
39 C 1998,1,1998,C,39,1,0,0,1,F,1,8,5.333,113.07,874.1,0,C 39
39 C 1999,1,1999,C,39,1,0,0,1,F,1,7,0.68,0.653,624.29,0,C 39
39 C 2000,1,2000,C,39,1,0,0,1,F,1,9,14.267,9.433,560.6,0,C 39
39 C 2001,1,2001,C,39,1,0,0,1,C4,1,7,33.467,0.7,788.9,0,C 39
39 C 2002,1,2002,C,39,1,0,0,1,F,1,5,81.967,0,497.8,0,C 39
39 C 2003,1,2003,C,39,1,0,0,1,C4,1,5,107.07,0.127,425.53,0,C 39
39 C 2004,1,2004,C,39,1,0,0,1,C3,1,8,260.17,0.0333,193.87,0,C 39
39 C 2005,1,2005,C,39,1,0,0,1,F,1,5,250.0333,0,0,0,C 39
39 C 2006,1,2006,C,39,1,0,0,1,C3,1,4,136.673,0,0,0,C 39
39 C 2007,1,2007,C,39,1,0,0,1,,0,4,99.4,0,0.2,0,C 39
39 C 2008,1,2008,C,39,1,0,0,1,C3,1,7,112.72,0,0,0,C 39
39 C 2009,1,2009,C,39,1,0,0,1,C3,1,5,29.33,0,0.9,0,C 39
39 C 2010,1,2010,C,39,1,0,0,1,C3,1,10,121.9,0,13.23,0,C 39
39 C 2011,1,2011,C,39,1,0,0,1,C3,1,9,84.87,0,5.4,0,C 39
NA,NA,NA,NA,NA,NA,NA,NA,NA,NA,NA,NA,NA,NA,NA,NA,NA
41 C 1982,1,1982,C,41,1,0,0,1,F,1,14,1.083,41.533,358.23,0,C 41
41 C 1983,1,1983,C,41,1,0,0,1,F,1,16,0,154.23,624.53,0,C 41
41 C 1984,1,1984,C,41,1,0,0,1,F,1,19,0,60.033,269.57,0,C 41
41 C 1985,1,1985,C,41,1,0,0,1,C3,1,22,0.217,35.433,306.63,0,C 41
41 C 1986,1,1986,C,41,1,0,0,1,F,1,17,0.367,103.23,395.67,0,C 41
41 C 1987,1,1987,C,41,1,0,0,1,F,1,19,1.1,82.933,332.13,0,C 41
41 C 1988,1,1988,C,41,1,0,0,1,C3,1,12,0.4,68.867,325.87,0,C 41
41 C 1989,1,1989,C,41,1,0,0,1,F,1,14,0,119.87,466.13,0,C 41
41 C 1990,1,1990,C,41,1,0,0,1,F,1,14,0,232.13,547.73,0,C 41
41 C 1991,1,1991,C,41,1,0,0,1,F,1,19,0,92.233,167.73,0,C 41
41 C 1992,1,1992,C,41,1,0,0,1,F,1,13,0.953,44.04,390.13,0,C 41
41 C 1993,1,1993,C,41,1,0,0,1,F,1,18,0.367,64.433,354.93,0,C 41
41 C 1994,1,1994,C,41,1,0,0,1,O,1,11,0,107.57,470.2,0,C 41
41 C 1995,1,1995,C,41,1,0,0,1,F,1,10,11.4,60.967,305.33,0,C 41
41 C 1996,1,1996,C,41,1,0,0,1,F,1,12,0.073,37.933,466.13,0,C 41
41 C 1997,1,1997,C,41,1,0,0,1,O,1,11,0.833,61.633,459.83,0,C 41
41 C 1998,1,1998,C,41,1,0,0,1,L,1,8,0,121.1,986.57,0,C 41
41 C 1999,1,1999,C,41,1,0,0,1,S,1,8,0.55,15.167,1310.6,0,C 41
41 C 2000,1,2000,C,41,1,0,0,1,F,1,6,0,1.867,253.8,0,C 41
41 C 2001,1,2001,C,41,1,0,0,1,C3,1,7,0,0,1003.7,0,C 41
41 C 2002,1,2002,C,41,1,0,0,1,F,1,6,28.867,0,510.57,0,C 41
41 C 2003,1,2003,C,41,1,0,0,1,G,1,9,89.5,0.467,720.37,0,C 41
41 C 2004,1,2004,C,41,1,0,0,1,F,1,6,159.77,0.3667,126.53,0,C 41
41 C 2005,1,2005,C,41,1,0,0,1,C3,1,6,255.1333,0,0,0,C 41
41 C 2006,1,2006,C,41,1,0,0,1,,0,6,145.3,0,4.733,0,C 41
41 C 2007,1,2007,C,41,1,0,0,1,C3,1,7,72.77,0,0,0,C 41
41 C 2008,1,2008,C,41,1,0,0,1,C3,1,5,65.47,0,0,0,C 41
41 C 2009,1,2009,C,41,1,0,0,1,C3,1,10,25.7,0,0.07,0,C 41
41 C 2010,1,2010,C,41,1,0,0,1,C3,1,7,69.83,0,5.37,0,C 41
41 C 2011,1,2011,C,41,1,0,0,1,C3,1,11,84.3,0,9.73,0,C 41
NA,NA,NA,NA,NA,NA,NA,NA,NA,NA,NA,NA,NA,NA,NA,NA,NA
43 C 1982,1,1982,C,43,1,0,0,1,S,1,14,0,82.767,656.47,0,C 43
43 C 1983,1,1983,C,43,1,0,0,1,F,1,19,0,38.633,172.1,0,C 43
43 C 1984,1,1984,C,43,1,0,0,1,F,1,16,0,47.6,267.6,0,C 43
43 C 1985,1,1985,C,43,1,0,0,1,F,1,13,0,76.5,278.3,0,C 43
43 C 1986,1,1986,C,43,1,0,0,1,C3,1,14,0,56.867,215.5,0,C 43
43 C 1987,1,1987,C,43,1,0,0,1,F,1,16,0,57.633,243.93,0,C 43
43 C 1988,1,1988,C,43,1,0,0,1,C3,1,19,0.033,46.433,233.37,0,C 43
43 C 1989,1,1989,C,43,1,0,0,1,F,1,13,0,54.433,365.53,0,C 43
43 C 1990,1,1990,C,43,1,0,0,1,C3,1,15,0,76.633,345.37,0,C 43
43 C 1991,1,1991,C,43,1,0,0,1,F,1,14,0,125.2,371.5,0,C 43
43 C 1992,1,1992,C,43,1,0,0,1,F,1,16,0,33.623,381.63,0,C 43
43 C 1993,1,1993,C,43,1,0,0,1,F,1,18,0,141.6,421.3,0,C 43
43 C 1994,1,1994,C,43,1,0,0,1,O,1,14,0,51.467,369.23,0,C 43
43 C 1995,1,1995,C,43,1,0,0,1,F,1,22,0,88.733,410.7,0,C 43
43 C 1996,1,1996,C,43,1,0,0,1,F,1,14,0,81.667,454.07,0,C 43
43 C 1997,1,1997,C,43,1,0,0,1,F,1,14,0,26.267,255.57,0,C 43
43 C 1998,1,1998,C,43,1,0,0,1,O,1,11,0,156.3,428.3,0,C 43
43 C 1999,1,1999,C,43,1,0,0,1,F,1,15,0,22.367,368.33,0,C 43
43 C 2000,1,2000,C,43,1,0,0,1,F,1,11,0,36.9,185.3,0,C 43
43 C 2001,1,2001,C,43,1,0,0,1,F,1,12,0,13.633,396.37,0,C 43
43 C 2002,1,2002,C,43,1,0,0,1,F,1,18,0,14.633,412,0,C 43
43 C 2003,1,2003,C,43,1,0,0,1,C3,1,13,0,12.9,264.63,0,C 43
43 C 2004,1,2004,C,43,1,0,0,1,F,1,16,0,10.867,4.7667,0,C 43
43 C 2005,1,2005,C,43,1,0,0,1,C3,1,15,0,10.1,2.4,0,C 43
43 C 2006,1,2006,C,43,1,0,0,1,O,1,17,0,6.53,0.47,0,C 43
43 C 2007,1,2007,C,43,1,0,0,1,O,1,18,0,6.23,1.03,0,C 43
43 C 2008,1,2008,C,43,1,0,0,1,F,1,14,0,0.85,0.25,0,C 43
43 C 2009,1,2009,C,43,1,0,0,1,F,1,16,0,0.77,9.7,0,C 43
43 C 2010,1,2010,C,43,1,0,0,1,F,1,18,0,7.47,12.37,0,C 43
43 C 2011,1,2011,C,43,1,0,0,1,F,1,16,0,0.93,5.4,0,C 43
NA,NA,NA,NA,NA,NA,NA,NA,NA,NA,NA,NA,NA,NA,NA,NA,NA
47 C 1982,1,1982,C,47,1,0,0,1,F,1,11,0,214.1,782.67,0,C 47
47 C 1983,1,1983,C,47,1,0,0,1,F,1,14,0,184.4,650.47,0,C 47
47 C 1984,1,1984,C,47,1,0,0,1,F,1,16,0,20.767,84.433,0,C 47
47 C 1985,1,1985,C,47,1,0,0,1,F,1,15,0,82.9,817.87,0,C 47
47 C 1986,1,1986,C,47,1,0,0,1,F,1,14,0,103.53,327.77,0,C 47
47 C 1987,1,1987,C,47,1,0,0,1,F,1,12,2,94.233,334.67,0,C 47
47 C 1988,1,1988,C,47,1,0,0,1,S,1,11,0,86.5,305.63,0,C 47
47 C 1989,1,1989,C,47,1,0,0,1,C3,1,18,2.533,57.1,396.8,0,C 47
47 C 1990,1,1990,C,47,1,0,0,1,F,1,8,0,136.2,374.37,0,C 47
47 C 1991,1,1991,C,47,1,0,0,1,F,1,15,1.267,124.8,406.03,0,C 47
47 C 1992,1,1992,C,47,1,0,0,1,F,1,13,0,55,557.13,0,C 47
47 C 1993,1,1993,C,47,1,0,0,1,F,1,18,0.133,106.77,692.23,0,C 47
47 C 1994,1,1994,C,47,1,0,0,1,C3,1,16,0.033,53.1,322.17,0,C 47
47 C 1995,1,1995,C,47,1,0,0,1,F,1,13,0,100.2,460.57,0,C 47
47 C 1996,1,1996,C,47,1,0,0,1,C3,1,14,2.067,12.767,500,0,C 47
47 C 1997,1,1997,C,47,1,0,0,1,F,1,9,0,42.4,415.57,0,C 47
47 C 1998,1,1998,C,47,1,0,0,1,F,1,9,0,87.7,710.27,0,C 47
47 C 1999,1,1999,C,47,1,0,0,1,F,1,7,0,38.2,516.6,0,C 47
47 C 2000,1,2000,C,47,1,0,0,1,F,1,7,4.2,1.033,240.1,0,C 47
47 C 2001,1,2001,C,47,1,0,0,1,C4,1,7,0.8,0.053,558.73,0,C 47
47 C 2002,1,2002,C,47,1,0,0,1,C3,1,8,0,0,664.23,0,C 47
47 C 2003,1,2003,C,47,1,0,0,1,F,1,4,5.467,0,512.6,0,C 47
47 C 2004,1,2004,C,47,1,0,0,1,F,1,5,18.633,0,55.833,0,C 47
47 C 2005,1,2005,C,47,1,0,0,1,L,1,4,101.2333,0,0,0,C 47
47 C 2006,1,2006,C,47,1,0,0,1,,0,6,104.6,0,1.933,0,C 47
47 C 2007,1,2007,C,47,1,0,0,1,,0,4,95.37,0,1.67,0,C 47
47 C 2008,1,2008,C,47,1,0,0,1,C3,1,6,73.98,0,0,0,C 47
47 C 2009,1,2009,C,47,1,0,0,1,C3,1,4,45.27,0,0.67,0,C 47
47 C 2010,1,2010,C,47,1,0,0,1,C3,1,7,112.87,0,19.63,0,C 47
47 C 2011,1,2011,C,47,1,0,0,1,C3,1,7,156.17,0,46,0,C 47
NA,NA,NA,NA,NA,NA,NA,NA,NA,NA,NA,NA,NA,NA,NA,NA,NA
53 C 1982,1,1982,C,53,9,0,0,1,F,1,12,0,48.833,411.3,0,C 53
53 C 1983,1,1983,C,53,9,0,0,1,C3,1,10,0.04,131.37,512.9,0,C 53
53 C 1984,1,1984,C,53,9,0,0,1,C3,1,14,0,36.63,200.67,0,C 53
53 C 1985,1,1985,C,53,9,0,0,1,F,1,13,0.357,34.167,385.53,0,C 53
53 C 1986,1,1986,C,53,9,0,0,1,F,1,16,0.04,54.4,366.07,0,C 53
53 C 1987,1,1987,C,53,9,0,0,1,F,1,17,0.367,109.2,559.9,0,C 53
53 C 1988,1,1988,C,53,9,0,0,1,C3,1,10,0,68.3,258.33,0,C 53
53 C 1989,1,1989,C,53,9,0,0,1,F,1,15,0,102.9,318.8,0,C 53
53 C 1990,1,1990,C,53,9,0,0,1,C3,1,13,0,53.967,239.73,0,C 53
53 C 1991,1,1991,C,53,9,0,0,1,F,1,17,0,73.633,517.23,0,C 53
53 C 1992,1,1992,C,53,9,0,0,1,F,1,17,0.2,32.4,342.17,0,C 53
53 C 1993,1,1993,C,53,9,0,0,1,F,1,17,3.633,146.93,529.03,0,C 53
53 C 1994,1,1994,C,53,9,0,0,1,F,1,19,0,46.7,289.5,0,C 53
53 C 1995,1,1995,C,53,9,0,0,1,F,1,17,0.702,108.03,389.73,0,C 53
53 C 1996,1,1996,C,53,9,0,0,1,F,1,17,0.833,70.433,366.67,0,C 53
53 C 1997,1,1997,C,53,9,0,0,1,C3,1,17,1.467,72.733,248.57,0,C 53
53 C 1998,1,1998,C,53,9,0,0,1,F,1,11,0,91.367,495.1,0,C 53
53 C 1999,1,1999,C,53,9,0,0,1,F,1,10,0,176.93,586.17,0,C 53
53 C 2000,1,2000,C,53,9,0,0,1,F,1,12,0,40.7,144.83,0,C 53
53 C 2001,1,2001,C,53,9,0,0,1,F,1,8,0,56.467,434.97,0,C 53
53 C 2002,1,2002,C,53,9,0,0,1,F,1,14,0,44.5,272.3,0,C 53
53 C 2003,1,2003,C,53,9,0,0,1,O,1,10,0,70.5,286.83,0,C 53
53 C 2004,1,2004,C,53,9,0,0,1,O,1,13,3.7,11.133,11.6,0,C 53
53 C 2005,1,2005,C,53,9,0,0,1,F,1,21,0,23.7,10.8,0,C 53
53 C 2006,1,2006,C,53,9,0,0,1,C3,1,15,1.433,10.433,0,0,C 53
53 C 2007,1,2007,C,53,9,0,0,1,O,1,12,1.2,49.97,27.6,0,C 53
53 C 2008,1,2008,C,53,9,0,0,1,C3,1,13,0,34.82,1.48,0,C 53
53 C 2009,1,2009,C,53,9,0,0,1,F,1,16,0,6.7,0,0,C 53
53 C 2010,1,2010,C,53,9,0,0,1,F,1,14,0,18.67,5.27,0,C 53
53 C 2011,1,2011,C,53,9,0,0,1,F,1,15,0,50.8,30.87,0,C 53
NA,NA,NA,NA,NA,NA,NA,NA,NA,NA,NA,NA,NA,NA,NA,NA,NA
54 C 1982,1,1982,C,54,9,0,0,1,F,1,15,0,129.3,525.5,0,C 54
54 C 1983,1,1983,C,54,9,0,0,1,C3,1,16,0.067,81.1,278.73,0,C 54
54 C 1984,1,1984,C,54,9,0,0,1,F,1,16,0,47.933,271.33,0,C 54
54 C 1985,1,1985,C,54,9,0,0,1,F,1,16,0,42.867,451.53,0,C 54
54 C 1986,1,1986,C,54,9,0,0,1,F,1,18,0,37.9,490.9,0,C 54
54 C 1987,1,1987,C,54,9,0,0,1,F,1,12,0,67.233,371.07,0,C 54
54 C 1988,1,1988,C,54,9,0,0,1,F,1,15,0,27.333,342.37,0,C 54
54 C 1989,1,1989,C,54,9,0,0,1,F,1,9,0,43.1,339.1,0,C 54
54 C 1990,1,1990,C,54,9,0,0,1,F,1,15,0,33.533,455.3,0,C 54
54 C 1991,1,1991,C,54,9,0,0,1,C3,1,11,0,65.267,367.33,0,C 54
54 C 1992,1,1992,C,54,9,0,0,1,C4,1,21,0,47.587,346.33,0,C 54
54 C 1993,1,1993,C,54,9,0,0,1,S,1,25,0,42.2,299.27,0,C 54
54 C 1994,1,1994,C,54,9,0,0,1,C4,1,15,0,82.633,517,0,C 54
54 C 1995,1,1995,C,54,9,0,0,1,,0,21,0,121.57,354.23,0,C 54
54 C 1996,1,1996,C,54,9,0,0,1,F,1,14,0,58.667,354.17,0,C 54
54 C 1997,1,1997,C,54,9,0,0,1,F,1,13,0,87.567,287.87,0,C 54
54 C 1998,1,1998,C,54,9,0,0,1,C3,1,10,0,78.233,515.07,0,C 54
54 C 1999,1,1999,C,54,9,0,0,1,C3,1,13,0,108.6,625.93,0,C 54
54 C 2000,1,2000,C,54,9,0,0,1,F,1,12,0,61.733,217.77,0,C 54
54 C 2001,1,2001,C,54,9,0,0,1,C3,1,11,0,62.233,419.5,0,C 54
54 C 2002,1,2002,C,54,9,0,0,1,F,1,20,0,86.7,341,0,C 54
54 C 2003,1,2003,C,54,9,0,0,1,F,1,11,0,68.7,408.6,0,C 54
54 C 2004,1,2004,C,54,9,0,0,1,C3,1,12,0,16.8,7.6667,0,C 54
54 C 2005,1,2005,C,54,9,0,0,1,F,1,20,0,10.7667,27.9667,0,C 54
54 C 2006,1,2006,C,54,9,0,0,1,O,1,15,0,15.533,0,0,C 54
54 C 2007,1,2007,C,54,9,0,0,1,C4,1,8,0,12.77,0,0,C 54
54 C 2008,1,2008,C,54,9,0,0,1,F,1,18,0,19.22,2.08,0,C 54
54 C 2009,1,2009,C,54,9,0,0,1,F,1,14,0,9.63,4.97,0,C 54
54 C 2010,1,2010,C,54,9,0,0,1,F,1,19,0,78.23,0,0,C 54
54 C 2011,1,2011,C,54,9,0,0,1,F,1,17,0,37.2,8.87,0,C 54